ID,Excel行,设计单元ID,单元,位置标签,注入位置,故障类型,适用频率,事件触发条件,负载,计数基准,建议样本量,SDC%,Crash%,Timeout%,Masked%,仿真器断言崩溃占比%,潜伏期（commit序号）,污染扇出数,为什么这么设计（精简）
E001,R2,D01,Int Decode,opcode字段·单比特翻转,译码输出锁存器（decode→rename 流水线寄存器）的 opcode 字段,单比特翻转,F0,—（不涉及事件触发）,CoreMark,运行计数,2000 次运行,,,,,,,,预期多数变成非法指令→Crash，极少数翻到另一个合法 opcode 才可能 SDC，SDC 概率很低
E002,R3,D01,Int Decode,opcode字段·单比特翻转,译码输出锁存器（decode→rename 流水线寄存器）的 opcode 字段,单比特翻转,F0,—（不涉及事件触发）,Embench,运行计数,2000 次运行,,,,,,,,预期多数变成非法指令→Crash，极少数翻到另一个合法 opcode 才可能 SDC，SDC 概率很低
E003,R4,D01,Int Decode,opcode字段·单比特翻转,译码输出锁存器（decode→rename 流水线寄存器）的 opcode 字段,单比特翻转,F1,—（不涉及事件触发）,CoreMark,运行计数,2000 次运行,,,,,,,,预期多数变成非法指令→Crash，极少数翻到另一个合法 opcode 才可能 SDC，SDC 概率很低
E004,R5,D01,Int Decode,opcode字段·单比特翻转,译码输出锁存器（decode→rename 流水线寄存器）的 opcode 字段,单比特翻转,F1,—（不涉及事件触发）,Embench,运行计数,2000 次运行,,,,,,,,预期多数变成非法指令→Crash，极少数翻到另一个合法 opcode 才可能 SDC，SDC 概率很低
E005,R6,D01,Int Decode,opcode字段·单比特翻转,译码输出锁存器（decode→rename 流水线寄存器）的 opcode 字段,单比特翻转,F2,—（不涉及事件触发）,CoreMark,运行计数,2000 次运行,,,,,,,,预期多数变成非法指令→Crash，极少数翻到另一个合法 opcode 才可能 SDC，SDC 概率很低
E006,R7,D01,Int Decode,opcode字段·单比特翻转,译码输出锁存器（decode→rename 流水线寄存器）的 opcode 字段,单比特翻转,F2,—（不涉及事件触发）,Embench,运行计数,2000 次运行,,,,,,,,预期多数变成非法指令→Crash，极少数翻到另一个合法 opcode 才可能 SDC，SDC 概率很低
E007,R8,D02,Int Decode,opcode字段·双比特翻转,译码输出锁存器（decode→rename 流水线寄存器）的 opcode 字段,双比特翻转,F0,—（不涉及事件触发）,CoreMark,运行计数,2000 次运行,,,,,,,,预期崩溃率高于 「opcode字段·单比特翻转」：两个比特同时错，落在合法编码空间的概率通常低于单比特翻转（合法编码是稀疏子集，出错维度越多越难蒙对）
E008,R9,D02,Int Decode,opcode字段·双比特翻转,译码输出锁存器（decode→rename 流水线寄存器）的 opcode 字段,双比特翻转,F0,—（不涉及事件触发）,Embench,运行计数,2000 次运行,,,,,,,,预期崩溃率高于 「opcode字段·单比特翻转」：两个比特同时错，落在合法编码空间的概率通常低于单比特翻转（合法编码是稀疏子集，出错维度越多越难蒙对）
E009,R10,D02,Int Decode,opcode字段·双比特翻转,译码输出锁存器（decode→rename 流水线寄存器）的 opcode 字段,双比特翻转,F1,—（不涉及事件触发）,CoreMark,运行计数,2000 次运行,,,,,,,,预期崩溃率高于 「opcode字段·单比特翻转」：两个比特同时错，落在合法编码空间的概率通常低于单比特翻转（合法编码是稀疏子集，出错维度越多越难蒙对）
E010,R11,D02,Int Decode,opcode字段·双比特翻转,译码输出锁存器（decode→rename 流水线寄存器）的 opcode 字段,双比特翻转,F1,—（不涉及事件触发）,Embench,运行计数,2000 次运行,,,,,,,,预期崩溃率高于 「opcode字段·单比特翻转」：两个比特同时错，落在合法编码空间的概率通常低于单比特翻转（合法编码是稀疏子集，出错维度越多越难蒙对）
E011,R12,D03,Int Decode,opcode字段·换值,译码输出锁存器的 opcode 字段,换值（结构化）,F0,—（不涉及事件触发）,CoreMark,运行计数,2000 次运行,,,,,,,,预期 SDC 概率明显高于 「opcode字段·单比特翻转」/「opcode字段·双比特翻转」 的翻转，因为绕开了「非法编码即崩溃」这道天然防线
E012,R13,D03,Int Decode,opcode字段·换值,译码输出锁存器的 opcode 字段,换值（结构化）,F0,—（不涉及事件触发）,Embench,运行计数,2000 次运行,,,,,,,,预期 SDC 概率明显高于 「opcode字段·单比特翻转」/「opcode字段·双比特翻转」 的翻转，因为绕开了「非法编码即崩溃」这道天然防线
E013,R14,D03,Int Decode,opcode字段·换值,译码输出锁存器的 opcode 字段,换值（结构化）,F1,—（不涉及事件触发）,CoreMark,运行计数,2000 次运行,,,,,,,,预期 SDC 概率明显高于 「opcode字段·单比特翻转」/「opcode字段·双比特翻转」 的翻转，因为绕开了「非法编码即崩溃」这道天然防线
E014,R15,D03,Int Decode,opcode字段·换值,译码输出锁存器的 opcode 字段,换值（结构化）,F1,—（不涉及事件触发）,Embench,运行计数,2000 次运行,,,,,,,,预期 SDC 概率明显高于 「opcode字段·单比特翻转」/「opcode字段·双比特翻转」 的翻转，因为绕开了「非法编码即崩溃」这道天然防线
E015,R16,D04,Int Decode,源/目的寄存器号字段·单比特翻转,译码输出锁存器的源/目的寄存器操作数字段,单比特翻转,F0,—（不涉及事件触发）,CoreMark,运行计数,2000 次运行,,,,,,,,寄存器号字段位宽窄、合法值密集（31 个架构寄存器只需 5 位编码），翻转后仍落在合法范围的概率较高，预期比 opcode 翻转更容易产生「合法但错误」的 SDC
E016,R17,D04,Int Decode,源/目的寄存器号字段·单比特翻转,译码输出锁存器的源/目的寄存器操作数字段,单比特翻转,F0,—（不涉及事件触发）,Embench,运行计数,2000 次运行,,,,,,,,寄存器号字段位宽窄、合法值密集（31 个架构寄存器只需 5 位编码），翻转后仍落在合法范围的概率较高，预期比 opcode 翻转更容易产生「合法但错误」的 SDC
E017,R18,D04,Int Decode,源/目的寄存器号字段·单比特翻转,译码输出锁存器的源/目的寄存器操作数字段,单比特翻转,F1,—（不涉及事件触发）,CoreMark,运行计数,2000 次运行,,,,,,,,寄存器号字段位宽窄、合法值密集（31 个架构寄存器只需 5 位编码），翻转后仍落在合法范围的概率较高，预期比 opcode 翻转更容易产生「合法但错误」的 SDC
E018,R19,D04,Int Decode,源/目的寄存器号字段·单比特翻转,译码输出锁存器的源/目的寄存器操作数字段,单比特翻转,F1,—（不涉及事件触发）,Embench,运行计数,2000 次运行,,,,,,,,寄存器号字段位宽窄、合法值密集（31 个架构寄存器只需 5 位编码），翻转后仍落在合法范围的概率较高，预期比 opcode 翻转更容易产生「合法但错误」的 SDC
E019,R20,D04,Int Decode,源/目的寄存器号字段·单比特翻转,译码输出锁存器的源/目的寄存器操作数字段,单比特翻转,F2,—（不涉及事件触发）,CoreMark,运行计数,2000 次运行,,,,,,,,寄存器号字段位宽窄、合法值密集（31 个架构寄存器只需 5 位编码），翻转后仍落在合法范围的概率较高，预期比 opcode 翻转更容易产生「合法但错误」的 SDC
E020,R21,D04,Int Decode,源/目的寄存器号字段·单比特翻转,译码输出锁存器的源/目的寄存器操作数字段,单比特翻转,F2,—（不涉及事件触发）,Embench,运行计数,2000 次运行,,,,,,,,寄存器号字段位宽窄、合法值密集（31 个架构寄存器只需 5 位编码），翻转后仍落在合法范围的概率较高，预期比 opcode 翻转更容易产生「合法但错误」的 SDC
E021,R22,D05,Int Decode,源/目的寄存器号字段·双比特翻转,译码输出锁存器的源/目的寄存器操作数字段,双比特翻转,F0,—（不涉及事件触发）,CoreMark,运行计数,2000 次运行,,,,,,,,5 位编码的字段翻转 2 位后落在 0~30 合法范围的概率明显低于翻转 1 位，预期崩溃率高于 「源/目的寄存器号字段·单比特翻转」
E022,R23,D05,Int Decode,源/目的寄存器号字段·双比特翻转,译码输出锁存器的源/目的寄存器操作数字段,双比特翻转,F0,—（不涉及事件触发）,Embench,运行计数,2000 次运行,,,,,,,,5 位编码的字段翻转 2 位后落在 0~30 合法范围的概率明显低于翻转 1 位，预期崩溃率高于 「源/目的寄存器号字段·单比特翻转」
E023,R24,D05,Int Decode,源/目的寄存器号字段·双比特翻转,译码输出锁存器的源/目的寄存器操作数字段,双比特翻转,F1,—（不涉及事件触发）,CoreMark,运行计数,2000 次运行,,,,,,,,5 位编码的字段翻转 2 位后落在 0~30 合法范围的概率明显低于翻转 1 位，预期崩溃率高于 「源/目的寄存器号字段·单比特翻转」
E024,R25,D05,Int Decode,源/目的寄存器号字段·双比特翻转,译码输出锁存器的源/目的寄存器操作数字段,双比特翻转,F1,—（不涉及事件触发）,Embench,运行计数,2000 次运行,,,,,,,,5 位编码的字段翻转 2 位后落在 0~30 合法范围的概率明显低于翻转 1 位，预期崩溃率高于 「源/目的寄存器号字段·单比特翻转」
E025,R26,D06,Int Decode,立即数字段·单比特翻转,译码输出锁存器的立即数字段,单比特翻转,F0,—（不涉及事件触发）,Embench,运行计数,2000 次运行,,,,,,,,立即数翻转不改变指令类型，几乎必然通过流水线；预期是 Int Decode 里单比特翻转 SDC 概率最高的字段
E026,R27,D06,Int Decode,立即数字段·单比特翻转,译码输出锁存器的立即数字段,单比特翻转,F1,—（不涉及事件触发）,Embench,运行计数,2000 次运行,,,,,,,,立即数翻转不改变指令类型，几乎必然通过流水线；预期是 Int Decode 里单比特翻转 SDC 概率最高的字段
E027,R28,D07,Int Decode,立即数字段·双比特翻转,译码输出锁存器的立即数字段,双比特翻转,F0,—（不涉及事件触发）,Embench,运行计数,2000 次运行,,,,,,,,立即数字段没有合法性门槛，预期双比特翻转的 SDC 概率和单比特翻转（「立即数字段·单比特翻转」）接近，不会像 opcode/寄存器号那样出现明显的崩溃率跃升——这是本方案里用来验证「位宽越窄越敏感」这条推论的反例对照
E028,R29,D07,Int Decode,立即数字段·双比特翻转,译码输出锁存器的立即数字段,双比特翻转,F1,—（不涉及事件触发）,Embench,运行计数,2000 次运行,,,,,,,,立即数字段没有合法性门槛，预期双比特翻转的 SDC 概率和单比特翻转（「立即数字段·单比特翻转」）接近，不会像 opcode/寄存器号那样出现明显的崩溃率跃升——这是本方案里用来验证「位宽越窄越敏感」这条推论的反例对照
E029,R30,D08,Int Decode,立即数字段·符号扩展位定向翻转,译码输出锁存器的立即数字段——不是随机选位，是精确翻转「立即数完成符号扩展后的最高位（符号位）」这一根线,状态（结构化）,F0,—（不涉及事件触发）,Embench,运行计数,2000 次运行,,,,,,,,对地址类指令（load/store 偏移、ADR/ADRP）符号翻转会让目标地址产生巨大跳变，预期多数直接越界→Crash；对小整数常量场景（如循环计数初值、比较阈值）符号翻转只是让数值变号，不一定立刻崩溃，预期在这类场景下产生「数值方向错但仍在合法范围」的隐蔽 SDC，是本方案预期两极分化最明显的一行
E030,R31,D08,Int Decode,立即数字段·符号扩展位定向翻转,译码输出锁存器的立即数字段——不是随机选位，是精确翻转「立即数完成符号扩展后的最高位（符号位）」这一根线,状态（结构化）,F0,—（不涉及事件触发）,GAP,运行计数,2000 次运行,,,,,,,,对地址类指令（load/store 偏移、ADR/ADRP）符号翻转会让目标地址产生巨大跳变，预期多数直接越界→Crash；对小整数常量场景（如循环计数初值、比较阈值）符号翻转只是让数值变号，不一定立刻崩溃，预期在这类场景下产生「数值方向错但仍在合法范围」的隐蔽 SDC，是本方案预期两极分化最明显的一行
E031,R32,D08,Int Decode,立即数字段·符号扩展位定向翻转,译码输出锁存器的立即数字段——不是随机选位，是精确翻转「立即数完成符号扩展后的最高位（符号位）」这一根线,状态（结构化）,F1,—（不涉及事件触发）,Embench,运行计数,2000 次运行,,,,,,,,对地址类指令（load/store 偏移、ADR/ADRP）符号翻转会让目标地址产生巨大跳变，预期多数直接越界→Crash；对小整数常量场景（如循环计数初值、比较阈值）符号翻转只是让数值变号，不一定立刻崩溃，预期在这类场景下产生「数值方向错但仍在合法范围」的隐蔽 SDC，是本方案预期两极分化最明显的一行
E032,R33,D08,Int Decode,立即数字段·符号扩展位定向翻转,译码输出锁存器的立即数字段——不是随机选位，是精确翻转「立即数完成符号扩展后的最高位（符号位）」这一根线,状态（结构化）,F1,—（不涉及事件触发）,GAP,运行计数,2000 次运行,,,,,,,,对地址类指令（load/store 偏移、ADR/ADRP）符号翻转会让目标地址产生巨大跳变，预期多数直接越界→Crash；对小整数常量场景（如循环计数初值、比较阈值）符号翻转只是让数值变号，不一定立刻崩溃，预期在这类场景下产生「数值方向错但仍在合法范围」的隐蔽 SDC，是本方案预期两极分化最明显的一行
E033,R34,D09,Int Decode,立即数字段·子字段拼接错位,译码输出锁存器的立即数字段——模拟「把立即数的某个编码子字段拼到了错误的位移位置」这一类拼装逻辑故障，而不是某个比特被打翻,错位拼接（结构化）：子字段移位错位,F0,—（不涉及事件触发）,Embench,运行计数,2000 次运行,,,,,,,,预期是立即数相关三行里 SDC 概率最高的一行——拼装结果本身就是「合法值」，没有任何门槛可以拦截，且错位模式保留了原始比特的组成部分（只是位置错了），比纯数值错误更难被察觉
E034,R35,D09,Int Decode,立即数字段·子字段拼接错位,译码输出锁存器的立即数字段——模拟「把立即数的某个编码子字段拼到了错误的位移位置」这一类拼装逻辑故障，而不是某个比特被打翻,错位拼接（结构化）：子字段移位错位,F0,—（不涉及事件触发）,GAP,运行计数,2000 次运行,,,,,,,,预期是立即数相关三行里 SDC 概率最高的一行——拼装结果本身就是「合法值」，没有任何门槛可以拦截，且错位模式保留了原始比特的组成部分（只是位置错了），比纯数值错误更难被察觉
E035,R36,D09,Int Decode,立即数字段·子字段拼接错位,译码输出锁存器的立即数字段——模拟「把立即数的某个编码子字段拼到了错误的位移位置」这一类拼装逻辑故障，而不是某个比特被打翻,错位拼接（结构化）：子字段移位错位,F1,—（不涉及事件触发）,Embench,运行计数,2000 次运行,,,,,,,,预期是立即数相关三行里 SDC 概率最高的一行——拼装结果本身就是「合法值」，没有任何门槛可以拦截，且错位模式保留了原始比特的组成部分（只是位置错了），比纯数值错误更难被察觉
E036,R37,D09,Int Decode,立即数字段·子字段拼接错位,译码输出锁存器的立即数字段——模拟「把立即数的某个编码子字段拼到了错误的位移位置」这一类拼装逻辑故障，而不是某个比特被打翻,错位拼接（结构化）：子字段移位错位,F1,—（不涉及事件触发）,GAP,运行计数,2000 次运行,,,,,,,,预期是立即数相关三行里 SDC 概率最高的一行——拼装结果本身就是「合法值」，没有任何门槛可以拦截，且错位模式保留了原始比特的组成部分（只是位置错了），比纯数值错误更难被察觉
E037,R38,D10,Int Decode,裂解控制位·状态翻转,指令裂解控制位（该指令是否需要在 dispatch 级拆分成多个 µop 的判定，如 LDP/STP）——该字段本身为单比特控制位，无多比特版本,状态（结构化）,F1,—（不涉及事件触发）,CoreMark,运行计数,2000 次运行,,,,,,,,「不该拆的指令被拆」大概率产生非法 µop 序列→Crash；「该拆的指令不拆」可能导致 LDP/STP 类指令只搬一半数据，预期是这个位置里最可能产生 SDC 的模型
E038,R39,D10,Int Decode,裂解控制位·状态翻转,指令裂解控制位（该指令是否需要在 dispatch 级拆分成多个 µop 的判定，如 LDP/STP）——该字段本身为单比特控制位，无多比特版本,状态（结构化）,F1,—（不涉及事件触发）,Embench,运行计数,2000 次运行,,,,,,,,「不该拆的指令被拆」大概率产生非法 µop 序列→Crash；「该拆的指令不拆」可能导致 LDP/STP 类指令只搬一半数据，预期是这个位置里最可能产生 SDC 的模型
E039,R40,D10,Int Decode,裂解控制位·状态翻转,指令裂解控制位（该指令是否需要在 dispatch 级拆分成多个 µop 的判定，如 LDP/STP）——该字段本身为单比特控制位，无多比特版本,状态（结构化）,F2,—（不涉及事件触发）,CoreMark,运行计数,2000 次运行,,,,,,,,「不该拆的指令被拆」大概率产生非法 µop 序列→Crash；「该拆的指令不拆」可能导致 LDP/STP 类指令只搬一半数据，预期是这个位置里最可能产生 SDC 的模型
E040,R41,D10,Int Decode,裂解控制位·状态翻转,指令裂解控制位（该指令是否需要在 dispatch 级拆分成多个 µop 的判定，如 LDP/STP）——该字段本身为单比特控制位，无多比特版本,状态（结构化）,F2,—（不涉及事件触发）,Embench,运行计数,2000 次运行,,,,,,,,「不该拆的指令被拆」大概率产生非法 µop 序列→Crash；「该拆的指令不拆」可能导致 LDP/STP 类指令只搬一半数据，预期是这个位置里最可能产生 SDC 的模型
E041,R42,D11,Int Rename,RAT映射字段·单比特翻转,RAT（架构→物理映射表）表项：某架构寄存器当前映射到的物理寄存器号字段,单比特翻转,F0,—（不涉及事件触发）,CoreMark,运行计数,2000 次运行,,,,,,,,预期大概率翻到「当前未分配」的物理寄存器号，命中依赖检查失败→Crash，SDC 概率很低，类似 TC'23 对 ROB 字段翻转测出的 0%
E042,R43,D11,Int Rename,RAT映射字段·单比特翻转,RAT（架构→物理映射表）表项：某架构寄存器当前映射到的物理寄存器号字段,单比特翻转,F0,—（不涉及事件触发）,Embench,运行计数,2000 次运行,,,,,,,,预期大概率翻到「当前未分配」的物理寄存器号，命中依赖检查失败→Crash，SDC 概率很低，类似 TC'23 对 ROB 字段翻转测出的 0%
E043,R44,D11,Int Rename,RAT映射字段·单比特翻转,RAT（架构→物理映射表）表项：某架构寄存器当前映射到的物理寄存器号字段,单比特翻转,F1,—（不涉及事件触发）,CoreMark,运行计数,2000 次运行,,,,,,,,预期大概率翻到「当前未分配」的物理寄存器号，命中依赖检查失败→Crash，SDC 概率很低，类似 TC'23 对 ROB 字段翻转测出的 0%
E044,R45,D11,Int Rename,RAT映射字段·单比特翻转,RAT（架构→物理映射表）表项：某架构寄存器当前映射到的物理寄存器号字段,单比特翻转,F1,—（不涉及事件触发）,Embench,运行计数,2000 次运行,,,,,,,,预期大概率翻到「当前未分配」的物理寄存器号，命中依赖检查失败→Crash，SDC 概率很低，类似 TC'23 对 ROB 字段翻转测出的 0%
E045,R46,D11,Int Rename,RAT映射字段·单比特翻转,RAT（架构→物理映射表）表项：某架构寄存器当前映射到的物理寄存器号字段,单比特翻转,F2,—（不涉及事件触发）,CoreMark,运行计数,2000 次运行,,,,,,,,预期大概率翻到「当前未分配」的物理寄存器号，命中依赖检查失败→Crash，SDC 概率很低，类似 TC'23 对 ROB 字段翻转测出的 0%
E046,R47,D11,Int Rename,RAT映射字段·单比特翻转,RAT（架构→物理映射表）表项：某架构寄存器当前映射到的物理寄存器号字段,单比特翻转,F2,—（不涉及事件触发）,Embench,运行计数,2000 次运行,,,,,,,,预期大概率翻到「当前未分配」的物理寄存器号，命中依赖检查失败→Crash，SDC 概率很低，类似 TC'23 对 ROB 字段翻转测出的 0%
E047,R48,D12,Int Rename,RAT映射字段·双比特翻转,RAT 表项：某架构寄存器当前映射到的物理寄存器号字段,双比特翻转,F0,—（不涉及事件触发）,CoreMark,运行计数,2000 次运行,,,,,,,,128 项物理寄存器需要 7 位编码，双比特翻转后落在「已分配」区间从而绕开依赖检查的概率高于单比特翻转，预期 SDC 概率略高于 「RAT映射字段·单比特翻转」，但仍显著低于 「RAT映射字段·换值(固定间隔)」 的结构化模型
E048,R49,D12,Int Rename,RAT映射字段·双比特翻转,RAT 表项：某架构寄存器当前映射到的物理寄存器号字段,双比特翻转,F0,—（不涉及事件触发）,Embench,运行计数,2000 次运行,,,,,,,,128 项物理寄存器需要 7 位编码，双比特翻转后落在「已分配」区间从而绕开依赖检查的概率高于单比特翻转，预期 SDC 概率略高于 「RAT映射字段·单比特翻转」，但仍显著低于 「RAT映射字段·换值(固定间隔)」 的结构化模型
E049,R50,D12,Int Rename,RAT映射字段·双比特翻转,RAT 表项：某架构寄存器当前映射到的物理寄存器号字段,双比特翻转,F1,—（不涉及事件触发）,CoreMark,运行计数,2000 次运行,,,,,,,,128 项物理寄存器需要 7 位编码，双比特翻转后落在「已分配」区间从而绕开依赖检查的概率高于单比特翻转，预期 SDC 概率略高于 「RAT映射字段·单比特翻转」，但仍显著低于 「RAT映射字段·换值(固定间隔)」 的结构化模型
E050,R51,D12,Int Rename,RAT映射字段·双比特翻转,RAT 表项：某架构寄存器当前映射到的物理寄存器号字段,双比特翻转,F1,—（不涉及事件触发）,Embench,运行计数,2000 次运行,,,,,,,,128 项物理寄存器需要 7 位编码，双比特翻转后落在「已分配」区间从而绕开依赖检查的概率高于单比特翻转，预期 SDC 概率略高于 「RAT映射字段·单比特翻转」，但仍显著低于 「RAT映射字段·换值(固定间隔)」 的结构化模型
E051,R52,D13,Int Rename,RAT映射字段·换值(固定间隔),RAT 表项：某架构寄存器当前映射到的物理寄存器号字段,换值（结构化）,F0,—（不涉及事件触发）,CoreMark,运行计数,2000 次运行,,,,,,,,新映射合法（该物理寄存器确实存在且在用），预期能绕开依赖检查，产生真正的 SDC——这是本方案对总表里「Int Rename 标红但无实验数据」这一矛盾的直接回应
E052,R53,D13,Int Rename,RAT映射字段·换值(固定间隔),RAT 表项：某架构寄存器当前映射到的物理寄存器号字段,换值（结构化）,F0,—（不涉及事件触发）,分支误预测密集核,运行计数,2000 次运行,,,,,,,,新映射合法（该物理寄存器确实存在且在用），预期能绕开依赖检查，产生真正的 SDC——这是本方案对总表里「Int Rename 标红但无实验数据」这一矛盾的直接回应
E053,R54,D13,Int Rename,RAT映射字段·换值(固定间隔),RAT 表项：某架构寄存器当前映射到的物理寄存器号字段,换值（结构化）,F1,—（不涉及事件触发）,CoreMark,运行计数,2000 次运行,,,,,,,,新映射合法（该物理寄存器确实存在且在用），预期能绕开依赖检查，产生真正的 SDC——这是本方案对总表里「Int Rename 标红但无实验数据」这一矛盾的直接回应
E054,R55,D13,Int Rename,RAT映射字段·换值(固定间隔),RAT 表项：某架构寄存器当前映射到的物理寄存器号字段,换值（结构化）,F1,—（不涉及事件触发）,分支误预测密集核,运行计数,2000 次运行,,,,,,,,新映射合法（该物理寄存器确实存在且在用），预期能绕开依赖检查，产生真正的 SDC——这是本方案对总表里「Int Rename 标红但无实验数据」这一矛盾的直接回应
E055,R56,D14,Int Rename,RAT映射字段·换值(误预测事件触发),RAT 表项：某架构寄存器当前映射到的物理寄存器号字段,换值（结构化，事件触发版）,—（不适用固定间隔）,误预测恢复瞬间,分支误预测密集核,事件覆盖计数,覆盖≥2000次目标事件,,,,,,,,预期比 「RAT映射字段·换值(固定间隔)」 固定间隔版更高效地命中「RAT 正在被大量重写」的窗口，SDC 命中率预期不低于 「RAT映射字段·换值(固定间隔)」 的固定间隔版
E056,R57,D15,Int Rename,RAT映射字段·卡死,RAT（架构→物理映射表）表项：某架构寄存器当前映射到的物理寄存器号字段,卡死（结构化）,F5,—（不涉及事件触发）,CoreMark,运行计数,2000 次运行,,,,,,,,卡死和瞬态翻转面对的是同一道依赖检查机制，此前没有实验数据能证明持续性本身会显著改变 SDC 概率的期望值，所以按最坏情形分配样本，不像「RAT映射字段·换值(固定间隔)」那样有方向性预期；但持久性缺陷会让同一个错误反复影响多条指令而不是只错一次，预期「污染指令数」这个量会明显高于「RAT映射字段·单比特翻转」/「RAT映射字段·双比特翻转」，即使 SDC 概率本身不一定更高
E057,R58,D15,Int Rename,RAT映射字段·卡死,RAT（架构→物理映射表）表项：某架构寄存器当前映射到的物理寄存器号字段,卡死（结构化）,F5,—（不涉及事件触发）,Embench,运行计数,2000 次运行,,,,,,,,卡死和瞬态翻转面对的是同一道依赖检查机制，此前没有实验数据能证明持续性本身会显著改变 SDC 概率的期望值，所以按最坏情形分配样本，不像「RAT映射字段·换值(固定间隔)」那样有方向性预期；但持久性缺陷会让同一个错误反复影响多条指令而不是只错一次，预期「污染指令数」这个量会明显高于「RAT映射字段·单比特翻转」/「RAT映射字段·双比特翻转」，即使 SDC 概率本身不一定更高
E058,R59,D16,Int Rename,RAT映射字段·读到旧数据,RAT（架构→物理映射表）表项：某架构寄存器当前映射到的物理寄存器号字段,错位拼接（结构化）：读到旧数据,—（不适用固定间隔）,该 RAT 表项被下一次重命名写入覆盖的瞬间,CoreMark,事件覆盖计数,覆盖≥2000次目标事件,,,,,,,,旧映射本身是合法的（几条指令之前确实用过），不会触发任何检查失败——这是本方案里预期 SDC 概率最高的几行之一，因为它绕开的不是某道逻辑检查，而是「数据到底新不新」这件事本身没有检查手段去确认
E059,R60,D16,Int Rename,RAT映射字段·读到旧数据,RAT（架构→物理映射表）表项：某架构寄存器当前映射到的物理寄存器号字段,错位拼接（结构化）：读到旧数据,—（不适用固定间隔）,该 RAT 表项被下一次重命名写入覆盖的瞬间,Embench,事件覆盖计数,覆盖≥2000次目标事件,,,,,,,,旧映射本身是合法的（几条指令之前确实用过），不会触发任何检查失败——这是本方案里预期 SDC 概率最高的几行之一，因为它绕开的不是某道逻辑检查，而是「数据到底新不新」这件事本身没有检查手段去确认
E060,R61,D17,Int Rename,空闲表·重复分配(固定间隔),Free List（空闲物理寄存器表）队列项,状态（结构化）：重复分配,F1,—（不涉及事件触发）,CoreMark,运行计数,2000 次运行,,,,,,,,预期 SDC 与 Crash 并存：如果两条指令的写入顺序恰好被后续读取按程序序正确消费，可能被掩蔽；顺序错乱则产生数据损坏类 SDC
E061,R62,D17,Int Rename,空闲表·重复分配(固定间隔),Free List（空闲物理寄存器表）队列项,状态（结构化）：重复分配,F1,—（不涉及事件触发）,长依赖链压力核,运行计数,2000 次运行,,,,,,,,预期 SDC 与 Crash 并存：如果两条指令的写入顺序恰好被后续读取按程序序正确消费，可能被掩蔽；顺序错乱则产生数据损坏类 SDC
E062,R63,D17,Int Rename,空闲表·重复分配(固定间隔),Free List（空闲物理寄存器表）队列项,状态（结构化）：重复分配,F2,—（不涉及事件触发）,CoreMark,运行计数,2000 次运行,,,,,,,,预期 SDC 与 Crash 并存：如果两条指令的写入顺序恰好被后续读取按程序序正确消费，可能被掩蔽；顺序错乱则产生数据损坏类 SDC
E063,R64,D17,Int Rename,空闲表·重复分配(固定间隔),Free List（空闲物理寄存器表）队列项,状态（结构化）：重复分配,F2,—（不涉及事件触发）,长依赖链压力核,运行计数,2000 次运行,,,,,,,,预期 SDC 与 Crash 并存：如果两条指令的写入顺序恰好被后续读取按程序序正确消费，可能被掩蔽；顺序错乱则产生数据损坏类 SDC
E064,R65,D18,Int Rename,空闲表·重复分配(事件触发),Free List（空闲物理寄存器表）队列项,状态（结构化）：重复分配,—（不适用固定间隔）,空闲表剩余项数低于阈值（建议剩余 ≤8 项时）,长依赖链压力核,事件覆盖计数,覆盖≥2000次目标事件,,,,,,,,预期 SDC 与 Crash 并存：如果两条指令的写入顺序恰好被后续读取按程序序正确消费，可能被掩蔽；顺序错乱则产生数据损坏类 SDC；精确瞄准「空闲表快见底」这个窗口，预期比固定间隔版更高效地命中重复分配场景
E065,R66,D19,Int Rename,空闲表·丢失释放,Free List 队列项,时序（结构化）：丢失释放,F1（持续到运行结束，属于一次性触发后持续影响）,—（不涉及事件触发）,Embench,运行计数,2000 次运行,,,,,,,,预期主导结果是 Timeout（空闲表耗尽后 rename 长期阻塞），SDC 概率很低——这个位置的价值在「前兆」：停顿周期数会在最终结局前明显上升，是本方案要验证的一种 SDC/Timeout 前兆特征
E066,R67,D19,Int Rename,空闲表·丢失释放,Free List 队列项,时序（结构化）：丢失释放,F1（持续到运行结束，属于一次性触发后持续影响）,—（不涉及事件触发）,长依赖链压力核,运行计数,2000 次运行,,,,,,,,预期主导结果是 Timeout（空闲表耗尽后 rename 长期阻塞），SDC 概率很低——这个位置的价值在「前兆」：停顿周期数会在最终结局前明显上升，是本方案要验证的一种 SDC/Timeout 前兆特征
E067,R68,D20,Int Rename,空闲表头/尾指针·单比特翻转,Free List 头/尾指针,单比特翻转,F0,—（不涉及事件触发）,CoreMark,运行计数,2000 次运行,,,,,,,,介于 「RAT映射字段·单比特翻转」 和 「空闲表·重复分配(固定间隔)」（重复分配）效应之间，预期结果分布是二者的混合
E068,R69,D20,Int Rename,空闲表头/尾指针·单比特翻转,Free List 头/尾指针,单比特翻转,F1,—（不涉及事件触发）,CoreMark,运行计数,2000 次运行,,,,,,,,介于 「RAT映射字段·单比特翻转」 和 「空闲表·重复分配(固定间隔)」（重复分配）效应之间，预期结果分布是二者的混合
E069,R70,D21,Int Rename,空闲表头/尾指针·双比特翻转,Free List 头/尾指针,双比特翻转,F0,—（不涉及事件触发）,CoreMark,运行计数,2000 次运行,,,,,,,,指针字段位宽窄（128 项对应 7 位），双比特翻转造成的偏移量通常更大，预期比 「空闲表头/尾指针·单比特翻转」 更容易越出合法索引范围而触发崩溃，SDC 概率不一定高于 「空闲表头/尾指针·单比特翻转」
E070,R71,D22,Int Rename,空闲表头/尾指针·卡死,Free List 头/尾指针,卡死（结构化）,F5,—（不涉及事件触发）,CoreMark,运行计数,2000 次运行,,,,,,,,卡死一位会让指针的移动轨迹产生系统性的固定偏差（比如永远跳过某个区间、或在某个范围内循环），比瞬态翻转（「空闲表头/尾指针·单比特翻转」/「空闲表头/尾指针·双比特翻转」）更容易造成持续性的重复分配或越界，预期 SDC/Crash 的时间分布上更集中，但没有强先验说明总体概率会明显偏离翻转版本
E071,R72,D22,Int Rename,空闲表头/尾指针·卡死,Free List 头/尾指针,卡死（结构化）,F5,—（不涉及事件触发）,长依赖链压力核,运行计数,2000 次运行,,,,,,,,卡死一位会让指针的移动轨迹产生系统性的固定偏差（比如永远跳过某个区间、或在某个范围内循环），比瞬态翻转（「空闲表头/尾指针·单比特翻转」/「空闲表头/尾指针·双比特翻转」）更容易造成持续性的重复分配或越界，预期 SDC/Crash 的时间分布上更集中，但没有强先验说明总体概率会明显偏离翻转版本
E072,R73,D23,Int Rename,重命名检查点·单比特翻转,重命名恢复检查点（若 gem5 用 checkpoint 机制保存 RAT 快照；具体机制需先核实 src/cpu/o3/rename.cc 再定）,单比特翻转,—（不适用固定间隔）,检查点建立后到被消费（误预测恢复或释放）之间的窗口内,分支误预测密集核,事件覆盖计数,覆盖≥2000次目标事件,,,,,,,,如果 gem5 确实用 checkpoint 机制，预期这类故障只在误预测发生时才暴露，平时完全沉默——是本方案里「潜伏期最长」的候选位置之一
E073,R74,D24,Int Rename,重命名检查点·双比特翻转,重命名恢复检查点,双比特翻转,—（不适用固定间隔）,检查点建立后到被消费之间的窗口内,分支误预测密集核,事件覆盖计数,覆盖≥2000次目标事件,,,,,,,,同 「重命名检查点·单比特翻转」 的逻辑，双比特版本用来检验检查点字段在多位同时错误时是否更容易绕过潜在的一致性检查（如果 gem5 实现里有类似机制）
E074,R75,D25,Int Dispatch/ROB,ROB的PC字段·单比特翻转,ROB 项的 PC 字段,单比特翻转,F0,—（不涉及事件触发）,CoreMark,运行计数,2000 次运行,"0.00 [0.00,0.19]","0.00 [0.00,0.19]","0.00 [0.00,0.19]","100.00 [99.81,100.00]","0.00 [0.00,0.19]",n/a,n/a,预期复现 TC'23 结果：SDC≈0%，几乎全部在 commit 前触发依赖检查失败→Crash
E075,R76,D25,Int Dispatch/ROB,ROB的PC字段·单比特翻转,ROB 项的 PC 字段,单比特翻转,F0,—（不涉及事件触发）,Embench,运行计数,2000 次运行,"0.00 [0.00,0.19]","0.00 [0.00,0.19]","0.00 [0.00,0.19]","100.00 [99.81,100.00]","0.00 [0.00,0.19]",n/a,n/a,预期复现 TC'23 结果：SDC≈0%，几乎全部在 commit 前触发依赖检查失败→Crash
E076,R77,D26,Int Dispatch/ROB,ROB的PC字段·双比特翻转,ROB 项的 PC 字段,双比特翻转,F0,—（不涉及事件触发）,CoreMark,运行计数,2000 次运行,,,,,,,,TC'23 未测过双比特版本，没有对照数字，预期方向同 「ROB的PC字段·单比特翻转」（依赖检查依然会拦截大部分情形），但双比特是否存在「两个比特恰好凑成另一个合法 PC」的边缘情形需要实验验证
E077,R78,D26,Int Dispatch/ROB,ROB的PC字段·双比特翻转,ROB 项的 PC 字段,双比特翻转,F0,—（不涉及事件触发）,Embench,运行计数,2000 次运行,,,,,,,,TC'23 未测过双比特版本，没有对照数字，预期方向同 「ROB的PC字段·单比特翻转」（依赖检查依然会拦截大部分情形），但双比特是否存在「两个比特恰好凑成另一个合法 PC」的边缘情形需要实验验证
E078,R79,D26,Int Dispatch/ROB,ROB的PC字段·双比特翻转,ROB 项的 PC 字段,双比特翻转,F1,—（不涉及事件触发）,CoreMark,运行计数,2000 次运行,,,,,,,,TC'23 未测过双比特版本，没有对照数字，预期方向同 「ROB的PC字段·单比特翻转」（依赖检查依然会拦截大部分情形），但双比特是否存在「两个比特恰好凑成另一个合法 PC」的边缘情形需要实验验证
E079,R80,D26,Int Dispatch/ROB,ROB的PC字段·双比特翻转,ROB 项的 PC 字段,双比特翻转,F1,—（不涉及事件触发）,Embench,运行计数,2000 次运行,,,,,,,,TC'23 未测过双比特版本，没有对照数字，预期方向同 「ROB的PC字段·单比特翻转」（依赖检查依然会拦截大部分情形），但双比特是否存在「两个比特恰好凑成另一个合法 PC」的边缘情形需要实验验证
E080,R81,D27,Int Dispatch/ROB,ROB的PC字段·卡死,ROB 项的 PC 字段,卡死（结构化）,F5,—（不涉及事件触发）,CoreMark,运行计数,2000 次运行,,,,,,,,依赖检查逐次读取时都会生效，不会因为错误从瞬态变成持续而失效，预期这行的 SDC 概率仍然接近「ROB的PC字段·单比特翻转」的低概率结果——这行的价值主要是确认「依赖检查对持久性故障同样有效」这个论断，不是预期挖出新的 SDC
E081,R82,D27,Int Dispatch/ROB,ROB的PC字段·卡死,ROB 项的 PC 字段,卡死（结构化）,F5,—（不涉及事件触发）,Embench,运行计数,2000 次运行,,,,,,,,依赖检查逐次读取时都会生效，不会因为错误从瞬态变成持续而失效，预期这行的 SDC 概率仍然接近「ROB的PC字段·单比特翻转」的低概率结果——这行的价值主要是确认「依赖检查对持久性故障同样有效」这个论断，不是预期挖出新的 SDC
E082,R83,D28,Int Dispatch/ROB,ROB的寄存器标识符字段·单比特翻转,ROB 项的目的寄存器标识符字段（架构或物理号）,单比特翻转,F0,—（不涉及事件触发）,CoreMark,运行计数,2000 次运行,"0.00 [0.00,0.19]","0.00 [0.00,0.19]","100.00 [99.81,100.00]","0.00 [0.00,0.19]","0.00 [0.00,0.19]",n/a,n/a,预期复现 TC'23 结果：SDC≈0%
E083,R84,D28,Int Dispatch/ROB,ROB的寄存器标识符字段·单比特翻转,ROB 项的目的寄存器标识符字段（架构或物理号）,单比特翻转,F0,—（不涉及事件触发）,Embench,运行计数,2000 次运行,"0.00 [0.00,0.19]","0.00 [0.00,0.19]","100.00 [99.81,100.00]","0.00 [0.00,0.19]","0.00 [0.00,0.19]",n/a,n/a,预期复现 TC'23 结果：SDC≈0%
E084,R85,D29,Int Dispatch/ROB,ROB的寄存器标识符字段·双比特翻转,ROB 项的目的寄存器标识符字段,双比特翻转,F0,—（不涉及事件触发）,CoreMark,运行计数,2000 次运行,,,,,,,,寄存器标识符字段窄（7 位），双比特翻转后仍落在合法已分配范围的概率高于 PC 字段的 「ROB的PC字段·双比特翻转」，预期 SDC 概率略高于 「ROB的PC字段·双比特翻转」，可与之做窄字段/宽字段的横向对比
E085,R86,D29,Int Dispatch/ROB,ROB的寄存器标识符字段·双比特翻转,ROB 项的目的寄存器标识符字段,双比特翻转,F0,—（不涉及事件触发）,Embench,运行计数,2000 次运行,,,,,,,,寄存器标识符字段窄（7 位），双比特翻转后仍落在合法已分配范围的概率高于 PC 字段的 「ROB的PC字段·双比特翻转」，预期 SDC 概率略高于 「ROB的PC字段·双比特翻转」，可与之做窄字段/宽字段的横向对比
E086,R87,D29,Int Dispatch/ROB,ROB的寄存器标识符字段·双比特翻转,ROB 项的目的寄存器标识符字段,双比特翻转,F1,—（不涉及事件触发）,CoreMark,运行计数,2000 次运行,,,,,,,,寄存器标识符字段窄（7 位），双比特翻转后仍落在合法已分配范围的概率高于 PC 字段的 「ROB的PC字段·双比特翻转」，预期 SDC 概率略高于 「ROB的PC字段·双比特翻转」，可与之做窄字段/宽字段的横向对比
E087,R88,D29,Int Dispatch/ROB,ROB的寄存器标识符字段·双比特翻转,ROB 项的目的寄存器标识符字段,双比特翻转,F1,—（不涉及事件触发）,Embench,运行计数,2000 次运行,,,,,,,,寄存器标识符字段窄（7 位），双比特翻转后仍落在合法已分配范围的概率高于 PC 字段的 「ROB的PC字段·双比特翻转」，预期 SDC 概率略高于 「ROB的PC字段·双比特翻转」，可与之做窄字段/宽字段的横向对比
E088,R89,D30,Int Dispatch/ROB,ROB的寄存器标识符字段·换值,ROB 项的目的寄存器标识符字段,换值（结构化）,F0,—（不涉及事件触发）,CoreMark,运行计数,2000 次运行,,,,,,,,预期 SDC 概率明显高于 「ROB的PC字段·单比特翻转」/「ROB的寄存器标识符字段·单比特翻转」，因为绕开了依赖检查——和 「RAT映射字段·换值(固定间隔)」 一起构成「Rename 和 ROB 两层都验证同一个绕过机制」的交叉证据
E089,R90,D30,Int Dispatch/ROB,ROB的寄存器标识符字段·换值,ROB 项的目的寄存器标识符字段,换值（结构化）,F0,—（不涉及事件触发）,GAP,运行计数,2000 次运行,,,,,,,,预期 SDC 概率明显高于 「ROB的PC字段·单比特翻转」/「ROB的寄存器标识符字段·单比特翻转」，因为绕开了依赖检查——和 「RAT映射字段·换值(固定间隔)」 一起构成「Rename 和 ROB 两层都验证同一个绕过机制」的交叉证据
E090,R91,D30,Int Dispatch/ROB,ROB的寄存器标识符字段·换值,ROB 项的目的寄存器标识符字段,换值（结构化）,F1,—（不涉及事件触发）,CoreMark,运行计数,2000 次运行,,,,,,,,预期 SDC 概率明显高于 「ROB的PC字段·单比特翻转」/「ROB的寄存器标识符字段·单比特翻转」，因为绕开了依赖检查——和 「RAT映射字段·换值(固定间隔)」 一起构成「Rename 和 ROB 两层都验证同一个绕过机制」的交叉证据
E091,R92,D30,Int Dispatch/ROB,ROB的寄存器标识符字段·换值,ROB 项的目的寄存器标识符字段,换值（结构化）,F1,—（不涉及事件触发）,GAP,运行计数,2000 次运行,,,,,,,,预期 SDC 概率明显高于 「ROB的PC字段·单比特翻转」/「ROB的寄存器标识符字段·单比特翻转」，因为绕开了依赖检查——和 「RAT映射字段·换值(固定间隔)」 一起构成「Rename 和 ROB 两层都验证同一个绕过机制」的交叉证据
E092,R93,D31,Int Dispatch/ROB,ROB的寄存器标识符字段·卡死,ROB 项的目的寄存器标识符字段（架构或物理号）,卡死（结构化）,F5,—（不涉及事件触发）,CoreMark,运行计数,2000 次运行,,,,,,,,同「ROB的PC字段·卡死」的逻辑，预期 SDC 概率仍然接近对应翻转版本的低概率结果
E093,R94,D31,Int Dispatch/ROB,ROB的寄存器标识符字段·卡死,ROB 项的目的寄存器标识符字段（架构或物理号）,卡死（结构化）,F5,—（不涉及事件触发）,Embench,运行计数,2000 次运行,,,,,,,,同「ROB的PC字段·卡死」的逻辑，预期 SDC 概率仍然接近对应翻转版本的低概率结果
E094,R95,D32,Int Dispatch/ROB,ROB的done位·提前置位(固定间隔),ROB 项的 done/completed 状态位——该字段本身为单比特控制位，无多比特版本,状态（结构化）：提前置位,F1,—（不涉及事件触发）,CoreMark,运行计数,2000 次运行,,,,,,,,预期是 Int Dispatch/ROB 里 SDC 概率最高的位置：done 位不参与依赖检查（依赖检查看的是寄存器号是否可用，不看指令是否真的算完），预期能大量产生「合法但结果错」的 SDC
E095,R96,D32,Int Dispatch/ROB,ROB的done位·提前置位(固定间隔),ROB 项的 done/completed 状态位——该字段本身为单比特控制位，无多比特版本,状态（结构化）：提前置位,F1,—（不涉及事件触发）,ROB 填满核,运行计数,2000 次运行,,,,,,,,预期是 Int Dispatch/ROB 里 SDC 概率最高的位置：done 位不参与依赖检查（依赖检查看的是寄存器号是否可用，不看指令是否真的算完），预期能大量产生「合法但结果错」的 SDC
E096,R97,D32,Int Dispatch/ROB,ROB的done位·提前置位(固定间隔),ROB 项的 done/completed 状态位——该字段本身为单比特控制位，无多比特版本,状态（结构化）：提前置位,F2,—（不涉及事件触发）,CoreMark,运行计数,2000 次运行,,,,,,,,预期是 Int Dispatch/ROB 里 SDC 概率最高的位置：done 位不参与依赖检查（依赖检查看的是寄存器号是否可用，不看指令是否真的算完），预期能大量产生「合法但结果错」的 SDC
E097,R98,D32,Int Dispatch/ROB,ROB的done位·提前置位(固定间隔),ROB 项的 done/completed 状态位——该字段本身为单比特控制位，无多比特版本,状态（结构化）：提前置位,F2,—（不涉及事件触发）,ROB 填满核,运行计数,2000 次运行,,,,,,,,预期是 Int Dispatch/ROB 里 SDC 概率最高的位置：done 位不参与依赖检查（依赖检查看的是寄存器号是否可用，不看指令是否真的算完），预期能大量产生「合法但结果错」的 SDC
E098,R99,D33,Int Dispatch/ROB,ROB的done位·提前置位(事件触发),ROB 项的 done/completed 状态位——该字段本身为单比特控制位，无多比特版本,状态（结构化）：提前置位,—（不适用固定间隔）,ROB 占用超过 80%（约 102/128 项）,ROB 填满核,事件覆盖计数,覆盖≥2000次目标事件,,,,,,,,预期是 Int Dispatch/ROB 里 SDC 概率最高的位置：done 位不参与依赖检查（依赖检查看的是寄存器号是否可用，不看指令是否真的算完），预期能大量产生「合法但结果错」的 SDC；精确瞄准「ROB 快满」这个窗口，预期比固定间隔版更高效地命中该场景
E099,R100,D34,Int Dispatch/ROB,ROB的done位·延迟置位(固定间隔),ROB 项的 done/completed 状态位——该字段本身为单比特控制位，无多比特版本,状态（结构化）：延迟置位,F1,—（不涉及事件触发）,ROB 填满核,运行计数,2000 次运行,,,,,,,,预期主导结果是 Timeout（ROB 被单个卡住的项堵死，后续全部无法提交），SDC 概率很低
E100,R101,D35,Int Dispatch/ROB,ROB的done位·延迟置位(事件触发),ROB 项的 done/completed 状态位——该字段本身为单比特控制位，无多比特版本,状态（结构化）：延迟置位,—（不适用固定间隔）,ROB 占用超过 80%,ROB 填满核,事件覆盖计数,覆盖≥2000次目标事件,,,,,,,,预期主导结果是 Timeout（ROB 被单个卡住的项堵死，后续全部无法提交），SDC 概率很低；精确瞄准「ROB 快满」这个窗口，预期比固定间隔版更高效地命中该场景
E101,R102,D36,Int Dispatch/ROB,ROB的旧物理寄存器字段·单比特翻转,ROB 项的 old-physical-register 字段（squash 回滚要用）,单比特翻转,—（不适用固定间隔）,commit 阶段处理异常/分支误预测导致的 squash 时触发,GAP,事件覆盖计数,覆盖≥2000次目标事件,,,,,,,,平时注入无效果（该字段只在 squash 路径上被读取），预期是本方案里潜伏期最长的位置之一；一旦命中 squash 事件，预期能直接污染回滚后的架构状态，SDC 概率较高
E102,R103,D37,Int Dispatch/ROB,ROB的旧物理寄存器字段·双比特翻转,ROB 项的 old-physical-register 字段,双比特翻转,—（不适用固定间隔）,commit 阶段处理异常/分支误预测导致的 squash 时触发,GAP,事件覆盖计数,覆盖≥2000次目标事件,,,,,,,,同 「ROB的旧物理寄存器字段·单比特翻转」 逻辑，双比特版本用于对照该字段的窄字段（7 位物理寄存器号）多比特敏感性
E103,R104,D38,Int Dispatch/ROB,ROB的旧物理寄存器字段·换值,ROB 项的 old-physical-register 字段（squash 回滚要用）,换值（结构化）,—（不适用固定间隔）,commit 阶段处理异常/分支误预测导致的 squash 时触发,GAP,事件覆盖计数,覆盖≥2000次目标事件,,,,,,,,该字段和「RAT映射字段」「ROB的寄存器标识符字段」是同一类多比特物理寄存器号字段，随机翻转（见「ROB的旧物理寄存器字段·单比特翻转」/「ROB的旧物理寄存器字段·双比特翻转」）大概率落到空闲表里的号，squash 时依赖检查失败直接崩溃；换成另一个活跃寄存器号后，squash 会错误释放/覆盖一个正在用的寄存器，预期 SDC 概率明显高于随机翻转版本
E104,R105,D39,Int Dispatch/ROB,ROB的旧物理寄存器字段·卡死,ROB 项的 old-physical-register 字段（squash 回滚要用）,卡死（结构化）,F5,—（不涉及事件触发）,GAP,事件覆盖计数,覆盖≥2000次目标事件,,,,,,,,和「ROB的旧物理寄存器字段·换值」不同：这行是「翻转」性质的卡死，不保证换到的号是活跃寄存器，预期效应更接近「ROB的旧物理寄存器字段·单比特翻转」而不是「ROB的旧物理寄存器字段·换值」；价值在于验证「持久缺陷+多次 squash 反复命中」是否比「单次瞬态命中一次 squash」更容易观察到累积效应
E105,R106,D40,Int Dispatch/ROB,ROB项整体·读到旧数据,ROB 项（PC、寄存器标识符、old-phys 等字段构成的整条记录）——这里模拟的是整条记录没被真正清空覆盖，不是某一个字段单独出错,错位拼接（结构化）：读到旧数据,—（不适用固定间隔）,该 ROB 槽位被新指令分派写入覆盖的瞬间,CoreMark,事件覆盖计数,覆盖≥2000次目标事件,,,,,,,,旧记录本身在它自己的生命周期里是完全合法、已经被正确处理过的数据，不会触发任何依赖检查失败——这是本方案里唯一能绕开「TC'23 式依赖检查」这道屏障、又不需要专门构造换值目标的机制，预期 SDC 概率很高
E106,R107,D40,Int Dispatch/ROB,ROB项整体·读到旧数据,ROB 项（PC、寄存器标识符、old-phys 等字段构成的整条记录）——这里模拟的是整条记录没被真正清空覆盖，不是某一个字段单独出错,错位拼接（结构化）：读到旧数据,—（不适用固定间隔）,该 ROB 槽位被新指令分派写入覆盖的瞬间,Embench,事件覆盖计数,覆盖≥2000次目标事件,,,,,,,,旧记录本身在它自己的生命周期里是完全合法、已经被正确处理过的数据，不会触发任何依赖检查失败——这是本方案里唯一能绕开「TC'23 式依赖检查」这道屏障、又不需要专门构造换值目标的机制，预期 SDC 概率很高
E107,R108,D41,Int Dispatch/ROB,ROB头指针·单比特翻转,ROB 头指针（下一个待 commit 位置）,单比特翻转,F0,—（不涉及事件触发）,CoreMark,运行计数,2000 次运行,,,,,,,,预期多数触发 gem5 内部一致性检查（如果存在）直接 Crash；少数指针错位后仍落在合法范围内的情形可能导致乱序提交，产生 SDC
E108,R109,D42,Int Dispatch/ROB,ROB头指针·双比特翻转,ROB 头指针,双比特翻转,F0,—（不涉及事件触发）,CoreMark,运行计数,2000 次运行,,,,,,,,128 项对应 7 位指针字段，双比特翻转造成的位置偏移通常更大，预期越界概率高于 「ROB头指针·单比特翻转」，Crash 占比预期更高
E109,R110,D43,Int Dispatch/ROB,ROB头指针·卡死,ROB 头指针（下一个待 commit 位置）,卡死（结构化）,F5,—（不涉及事件触发）,CoreMark,运行计数,2000 次运行,,,,,,,,同「空闲表头/尾指针·卡死」的逻辑在 ROB 头指针上的复现，预期效应模式相近
E110,R111,D44,Int Dispatch/ROB,ROB尾指针·单比特翻转,ROB 尾指针（下一个待分配位置）,单比特翻转,F0,—（不涉及事件触发）,CoreMark,运行计数,2000 次运行,,,,,,,,预期效应接近 「空闲表·重复分配(固定间隔)」（Free List 重复分配）：可能导致新分配的 ROB 项覆盖仍在用的项，产生数据损坏类 SDC
E111,R112,D45,Int Dispatch/ROB,ROB尾指针·双比特翻转,ROB 尾指针,双比特翻转,F0,—（不涉及事件触发）,CoreMark,运行计数,2000 次运行,,,,,,,,同 「ROB头指针·双比特翻转」 的逻辑在尾指针上的复现
E112,R113,D46,Int Dispatch/ROB,ROB尾指针·卡死,ROB 尾指针（下一个待分配位置）,卡死（结构化）,F5,—（不涉及事件触发）,CoreMark,运行计数,2000 次运行,,,,,,,,同「ROB头指针·卡死」的逻辑在尾指针上的复现
E113,R114,D47,Int Dispatch/ROB,Int IQ的ready位·提前置位,Int Issue Queue（64 项）项的 ready 位——该字段本身为单比特控制位，无多比特版本,状态（结构化）：提前置位,F1,—（不涉及事件触发）,CoreMark,运行计数,2000 次运行,,,,,,,,预期 SDC 概率较高，逻辑与 「ROB的done位·提前置位(固定间隔)」（done 位提前置位）同源，都是「状态位撒谎导致下游读到未完成的数据」这一类结构化故障的代表
E114,R115,D47,Int Dispatch/ROB,Int IQ的ready位·提前置位,Int Issue Queue（64 项）项的 ready 位——该字段本身为单比特控制位，无多比特版本,状态（结构化）：提前置位,F1,—（不涉及事件触发）,Embench,运行计数,2000 次运行,,,,,,,,预期 SDC 概率较高，逻辑与 「ROB的done位·提前置位(固定间隔)」（done 位提前置位）同源，都是「状态位撒谎导致下游读到未完成的数据」这一类结构化故障的代表
E115,R116,D47,Int Dispatch/ROB,Int IQ的ready位·提前置位,Int Issue Queue（64 项）项的 ready 位——该字段本身为单比特控制位，无多比特版本,状态（结构化）：提前置位,F2,—（不涉及事件触发）,CoreMark,运行计数,2000 次运行,,,,,,,,预期 SDC 概率较高，逻辑与 「ROB的done位·提前置位(固定间隔)」（done 位提前置位）同源，都是「状态位撒谎导致下游读到未完成的数据」这一类结构化故障的代表
E116,R117,D47,Int Dispatch/ROB,Int IQ的ready位·提前置位,Int Issue Queue（64 项）项的 ready 位——该字段本身为单比特控制位，无多比特版本,状态（结构化）：提前置位,F2,—（不涉及事件触发）,Embench,运行计数,2000 次运行,,,,,,,,预期 SDC 概率较高，逻辑与 「ROB的done位·提前置位(固定间隔)」（done 位提前置位）同源，都是「状态位撒谎导致下游读到未完成的数据」这一类结构化故障的代表
E117,R118,D48,Int Dispatch/ROB,Int IQ的ready位·永不置位(固定间隔),Int Issue Queue 项的 ready 位——该字段本身为单比特控制位，无多比特版本,状态（结构化）：永不置位,F1,—（不涉及事件触发）,ROB 填满核,运行计数,2000 次运行,,,,,,,,预期主导结果是 Timeout，与 「ROB的done位·延迟置位(固定间隔)」、「空闲表·丢失释放」 同属「资源耗尽」类，用来在 IQ 这一层补齐前兆特征观测
E118,R119,D49,Int Dispatch/ROB,Int IQ的ready位·永不置位(事件触发),Int Issue Queue 项的 ready 位——该字段本身为单比特控制位，无多比特版本,状态（结构化）：永不置位,—（不适用固定间隔）,IQ 占用超过 80%（约 51/64 项）,ROB 填满核,事件覆盖计数,覆盖≥2000次目标事件,,,,,,,,预期主导结果是 Timeout，与 「ROB的done位·延迟置位(固定间隔)」、「空闲表·丢失释放」 同属「资源耗尽」类，用来在 IQ 这一层补齐前兆特征观测；精确瞄准「IQ 快满」这个窗口，预期比固定间隔版更高效地命中该场景
E119,R120,D50,Int Dispatch/ROB,Int IQ的tag字段·换值,Int Issue Queue 项的源操作数 tag 字段（等待哪个物理寄存器就绪）,换值（结构化）,F0,—（不涉及事件触发）,CoreMark,运行计数,2000 次运行,,,,,,,,和 「RAT映射字段·换值(固定间隔)」/「ROB的寄存器标识符字段·换值」 同一思路在 tag 匹配环节的复现，预期能产生 SDC，因为改后的 tag 大概率仍对应一个合法的、有真实数据的物理寄存器
E120,R121,D50,Int Dispatch/ROB,Int IQ的tag字段·换值,Int Issue Queue 项的源操作数 tag 字段（等待哪个物理寄存器就绪）,换值（结构化）,F0,—（不涉及事件触发）,Embench,运行计数,2000 次运行,,,,,,,,和 「RAT映射字段·换值(固定间隔)」/「ROB的寄存器标识符字段·换值」 同一思路在 tag 匹配环节的复现，预期能产生 SDC，因为改后的 tag 大概率仍对应一个合法的、有真实数据的物理寄存器
E121,R122,D50,Int Dispatch/ROB,Int IQ的tag字段·换值,Int Issue Queue 项的源操作数 tag 字段（等待哪个物理寄存器就绪）,换值（结构化）,F1,—（不涉及事件触发）,CoreMark,运行计数,2000 次运行,,,,,,,,和 「RAT映射字段·换值(固定间隔)」/「ROB的寄存器标识符字段·换值」 同一思路在 tag 匹配环节的复现，预期能产生 SDC，因为改后的 tag 大概率仍对应一个合法的、有真实数据的物理寄存器
E122,R123,D50,Int Dispatch/ROB,Int IQ的tag字段·换值,Int Issue Queue 项的源操作数 tag 字段（等待哪个物理寄存器就绪）,换值（结构化）,F1,—（不涉及事件触发）,Embench,运行计数,2000 次运行,,,,,,,,和 「RAT映射字段·换值(固定间隔)」/「ROB的寄存器标识符字段·换值」 同一思路在 tag 匹配环节的复现，预期能产生 SDC，因为改后的 tag 大概率仍对应一个合法的、有真实数据的物理寄存器
E123,R124,D51,Int Dispatch/ROB,Int IQ的tag字段·单比特翻转,Int Issue Queue（64 项）项的源操作数 tag 字段（等待哪个物理寄存器就绪）,单比特翻转,F0,—（不涉及事件触发）,CoreMark,运行计数,2000 次运行,,,,,,,,tag 字段本身没有类似寄存器号的稀疏合法性约束（tag 只是一个索引数字，翻转后大概率仍指向一个存在的物理寄存器位置），预期和「Int IQ的tag字段·换值」效果接近，不会像 opcode 那样出现翻转/换值的明显落差——这行的价值是给「换值」提供一个对照基线，验证这个字段是否真的需要专门的结构化模型，还是翻转已经够用
E124,R125,D51,Int Dispatch/ROB,Int IQ的tag字段·单比特翻转,Int Issue Queue（64 项）项的源操作数 tag 字段（等待哪个物理寄存器就绪）,单比特翻转,F0,—（不涉及事件触发）,Embench,运行计数,2000 次运行,,,,,,,,tag 字段本身没有类似寄存器号的稀疏合法性约束（tag 只是一个索引数字，翻转后大概率仍指向一个存在的物理寄存器位置），预期和「Int IQ的tag字段·换值」效果接近，不会像 opcode 那样出现翻转/换值的明显落差——这行的价值是给「换值」提供一个对照基线，验证这个字段是否真的需要专门的结构化模型，还是翻转已经够用
E125,R126,D51,Int Dispatch/ROB,Int IQ的tag字段·单比特翻转,Int Issue Queue（64 项）项的源操作数 tag 字段（等待哪个物理寄存器就绪）,单比特翻转,F1,—（不涉及事件触发）,CoreMark,运行计数,2000 次运行,,,,,,,,tag 字段本身没有类似寄存器号的稀疏合法性约束（tag 只是一个索引数字，翻转后大概率仍指向一个存在的物理寄存器位置），预期和「Int IQ的tag字段·换值」效果接近，不会像 opcode 那样出现翻转/换值的明显落差——这行的价值是给「换值」提供一个对照基线，验证这个字段是否真的需要专门的结构化模型，还是翻转已经够用
E126,R127,D51,Int Dispatch/ROB,Int IQ的tag字段·单比特翻转,Int Issue Queue（64 项）项的源操作数 tag 字段（等待哪个物理寄存器就绪）,单比特翻转,F1,—（不涉及事件触发）,Embench,运行计数,2000 次运行,,,,,,,,tag 字段本身没有类似寄存器号的稀疏合法性约束（tag 只是一个索引数字，翻转后大概率仍指向一个存在的物理寄存器位置），预期和「Int IQ的tag字段·换值」效果接近，不会像 opcode 那样出现翻转/换值的明显落差——这行的价值是给「换值」提供一个对照基线，验证这个字段是否真的需要专门的结构化模型，还是翻转已经够用
E127,R128,D52,Int Dispatch/ROB,Int IQ的tag字段·双比特翻转,Int Issue Queue（64 项）项的源操作数 tag 字段,双比特翻转,F0,—（不涉及事件触发）,CoreMark,运行计数,2000 次运行,,,,,,,,同「Int IQ的tag字段·单比特翻转」的逻辑，双比特版本补齐单/双比特对照
E128,R129,D52,Int Dispatch/ROB,Int IQ的tag字段·双比特翻转,Int Issue Queue（64 项）项的源操作数 tag 字段,双比特翻转,F0,—（不涉及事件触发）,Embench,运行计数,2000 次运行,,,,,,,,同「Int IQ的tag字段·单比特翻转」的逻辑，双比特版本补齐单/双比特对照
E129,R130,D53,Int Dispatch/ROB,Int IQ的tag字段·卡死,Int Issue Queue（64 项）项的源操作数 tag 字段,卡死（结构化）,F5,—（不涉及事件触发）,CoreMark,运行计数,2000 次运行,,,,,,,,预期效应接近「Int IQ的tag字段·单比特翻转」；价值在于 IQ 项占用时间通常比 ROB 项短，卡死效应在这类短生命周期结构上是否还能积累出可观测的持续性影响，需要实验验证
E130,R131,D53,Int Dispatch/ROB,Int IQ的tag字段·卡死,Int Issue Queue（64 项）项的源操作数 tag 字段,卡死（结构化）,F5,—（不涉及事件触发）,Embench,运行计数,2000 次运行,,,,,,,,预期效应接近「Int IQ的tag字段·单比特翻转」；价值在于 IQ 项占用时间通常比 ROB 项短，卡死效应在这类短生命周期结构上是否还能积累出可观测的持续性影响，需要实验验证
E131,R132,D54,Int Dispatch/ROB,Int IQ的tag字段·读到旧数据,Int Issue Queue（64 项）项的源操作数 tag 字段,错位拼接（结构化）：读到旧数据,—（不适用固定间隔）,该 IQ 槽位被新 µop 写入覆盖的瞬间,CoreMark,事件覆盖计数,覆盖≥2000次目标事件,,,,,,,,旧 tag 大概率仍指向一个存在的、有真实数据的物理寄存器（只是不是这条指令该等的那个），预期 SDC 概率高于「Int IQ的tag字段·单比特翻转」，和「Int IQ的tag字段·换值」的效应量级接近，但触发条件（写入时序缺陷 vs 主动构造替换值）完全不同
E132,R133,D54,Int Dispatch/ROB,Int IQ的tag字段·读到旧数据,Int Issue Queue（64 项）项的源操作数 tag 字段,错位拼接（结构化）：读到旧数据,—（不适用固定间隔）,该 IQ 槽位被新 µop 写入覆盖的瞬间,Embench,事件覆盖计数,覆盖≥2000次目标事件,,,,,,,,旧 tag 大概率仍指向一个存在的、有真实数据的物理寄存器（只是不是这条指令该等的那个），预期 SDC 概率高于「Int IQ的tag字段·单比特翻转」，和「Int IQ的tag字段·换值」的效应量级接近，但触发条件（写入时序缺陷 vs 主动构造替换值）完全不同
E133,R134,D55,Int Dispatch/ROB,分发端口选择逻辑·状态翻转,分发端口选择逻辑（该 µop 该送去哪个执行单元/Issue Queue 的判定，如 ALU vs MDU）——按 3 ALU + 1 MDU 的实现，判定近似二元，无独立多比特版本,状态（结构化）,F1,—（不涉及事件触发）,CoreMark,运行计数,2000 次运行,,,,,,,,如果目标单元语义完全不兼容（如整数 vs 浮点），预期直接崩溃；如果凑巧都是简单整数运算单元，可能产生错误结果但不崩溃，需要实验验证而非预设，这一格的「预期结果」置信度较低，标注为探索性
E134,R135,D55,Int Dispatch/ROB,分发端口选择逻辑·状态翻转,分发端口选择逻辑（该 µop 该送去哪个执行单元/Issue Queue 的判定，如 ALU vs MDU）——按 3 ALU + 1 MDU 的实现，判定近似二元，无独立多比特版本,状态（结构化）,F1,—（不涉及事件触发）,Embench,运行计数,2000 次运行,,,,,,,,如果目标单元语义完全不兼容（如整数 vs 浮点），预期直接崩溃；如果凑巧都是简单整数运算单元，可能产生错误结果但不崩溃，需要实验验证而非预设，这一格的「预期结果」置信度较低，标注为探索性
E135,R136,D55,Int Dispatch/ROB,分发端口选择逻辑·状态翻转,分发端口选择逻辑（该 µop 该送去哪个执行单元/Issue Queue 的判定，如 ALU vs MDU）——按 3 ALU + 1 MDU 的实现，判定近似二元，无独立多比特版本,状态（结构化）,F2,—（不涉及事件触发）,CoreMark,运行计数,2000 次运行,,,,,,,,如果目标单元语义完全不兼容（如整数 vs 浮点），预期直接崩溃；如果凑巧都是简单整数运算单元，可能产生错误结果但不崩溃，需要实验验证而非预设，这一格的「预期结果」置信度较低，标注为探索性
E136,R137,D55,Int Dispatch/ROB,分发端口选择逻辑·状态翻转,分发端口选择逻辑（该 µop 该送去哪个执行单元/Issue Queue 的判定，如 ALU vs MDU）——按 3 ALU + 1 MDU 的实现，判定近似二元，无独立多比特版本,状态（结构化）,F2,—（不涉及事件触发）,Embench,运行计数,2000 次运行,,,,,,,,如果目标单元语义完全不兼容（如整数 vs 浮点），预期直接崩溃；如果凑巧都是简单整数运算单元，可能产生错误结果但不崩溃，需要实验验证而非预设，这一格的「预期结果」置信度较低，标注为探索性
E137,R138,D56,FP/SIMD Decode,FP opcode字段·单比特翻转,译码输出锁存器的 opcode 字段（FP/SIMD 指令）,单比特翻转,F0,—（不涉及事件触发）,PolyBench,运行计数,2000 次运行,,,,,,,,逻辑与 「opcode字段·单比特翻转」 相同：预期多数变成非法指令→Crash，SDC 概率很低
E138,R139,D56,FP/SIMD Decode,FP opcode字段·单比特翻转,译码输出锁存器的 opcode 字段（FP/SIMD 指令）,单比特翻转,F0,—（不涉及事件触发）,Embench（浮点子集）,运行计数,2000 次运行,,,,,,,,逻辑与 「opcode字段·单比特翻转」 相同：预期多数变成非法指令→Crash，SDC 概率很低
E139,R140,D56,FP/SIMD Decode,FP opcode字段·单比特翻转,译码输出锁存器的 opcode 字段（FP/SIMD 指令）,单比特翻转,F1,—（不涉及事件触发）,PolyBench,运行计数,2000 次运行,,,,,,,,逻辑与 「opcode字段·单比特翻转」 相同：预期多数变成非法指令→Crash，SDC 概率很低
E140,R141,D56,FP/SIMD Decode,FP opcode字段·单比特翻转,译码输出锁存器的 opcode 字段（FP/SIMD 指令）,单比特翻转,F1,—（不涉及事件触发）,Embench（浮点子集）,运行计数,2000 次运行,,,,,,,,逻辑与 「opcode字段·单比特翻转」 相同：预期多数变成非法指令→Crash，SDC 概率很低
E141,R142,D57,FP/SIMD Decode,FP opcode字段·双比特翻转,译码输出锁存器的 opcode 字段（FP/SIMD 指令）,双比特翻转,F0,—（不涉及事件触发）,PolyBench,运行计数,2000 次运行,,,,,,,,对应 「opcode字段·双比特翻转」，预期崩溃率高于 「FP opcode字段·单比特翻转」
E142,R143,D57,FP/SIMD Decode,FP opcode字段·双比特翻转,译码输出锁存器的 opcode 字段（FP/SIMD 指令）,双比特翻转,F0,—（不涉及事件触发）,Embench（浮点子集）,运行计数,2000 次运行,,,,,,,,对应 「opcode字段·双比特翻转」，预期崩溃率高于 「FP opcode字段·单比特翻转」
E143,R144,D58,FP/SIMD Decode,FP opcode字段·换值,译码输出锁存器的 opcode 字段,换值（结构化）,F0,—（不涉及事件触发）,PolyBench,运行计数,2000 次运行,,,,,,,,预期与 「opcode字段·换值」 类似，SDC 概率高于随机翻转
E144,R145,D58,FP/SIMD Decode,FP opcode字段·换值,译码输出锁存器的 opcode 字段,换值（结构化）,F0,—（不涉及事件触发）,Embench（浮点子集）,运行计数,2000 次运行,,,,,,,,预期与 「opcode字段·换值」 类似，SDC 概率高于随机翻转
E145,R146,D58,FP/SIMD Decode,FP opcode字段·换值,译码输出锁存器的 opcode 字段,换值（结构化）,F1,—（不涉及事件触发）,PolyBench,运行计数,2000 次运行,,,,,,,,预期与 「opcode字段·换值」 类似，SDC 概率高于随机翻转
E146,R147,D58,FP/SIMD Decode,FP opcode字段·换值,译码输出锁存器的 opcode 字段,换值（结构化）,F1,—（不涉及事件触发）,Embench（浮点子集）,运行计数,2000 次运行,,,,,,,,预期与 「opcode字段·换值」 类似，SDC 概率高于随机翻转
E147,R148,D59,FP/SIMD Decode,V寄存器号字段·单比特翻转,译码输出锁存器的源/目的 V 寄存器操作数字段（NEON 128 位寄存器编号，V0~V31）,单比特翻转,F0,—（不涉及事件触发）,PolyBench,运行计数,2000 次运行,,,,,,,,V 寄存器编号 5 位，翻转后落在合法范围（0~31）的概率高，预期比 opcode 翻转容易产生 SDC
E148,R149,D59,FP/SIMD Decode,V寄存器号字段·单比特翻转,译码输出锁存器的源/目的 V 寄存器操作数字段（NEON 128 位寄存器编号，V0~V31）,单比特翻转,F0,—（不涉及事件触发）,libjpeg-turbo,运行计数,2000 次运行,,,,,,,,V 寄存器编号 5 位，翻转后落在合法范围（0~31）的概率高，预期比 opcode 翻转容易产生 SDC
E149,R150,D59,FP/SIMD Decode,V寄存器号字段·单比特翻转,译码输出锁存器的源/目的 V 寄存器操作数字段（NEON 128 位寄存器编号，V0~V31）,单比特翻转,F1,—（不涉及事件触发）,PolyBench,运行计数,2000 次运行,,,,,,,,V 寄存器编号 5 位，翻转后落在合法范围（0~31）的概率高，预期比 opcode 翻转容易产生 SDC
E150,R151,D59,FP/SIMD Decode,V寄存器号字段·单比特翻转,译码输出锁存器的源/目的 V 寄存器操作数字段（NEON 128 位寄存器编号，V0~V31）,单比特翻转,F1,—（不涉及事件触发）,libjpeg-turbo,运行计数,2000 次运行,,,,,,,,V 寄存器编号 5 位，翻转后落在合法范围（0~31）的概率高，预期比 opcode 翻转容易产生 SDC
E151,R152,D59,FP/SIMD Decode,V寄存器号字段·单比特翻转,译码输出锁存器的源/目的 V 寄存器操作数字段（NEON 128 位寄存器编号，V0~V31）,单比特翻转,F2,—（不涉及事件触发）,PolyBench,运行计数,2000 次运行,,,,,,,,V 寄存器编号 5 位，翻转后落在合法范围（0~31）的概率高，预期比 opcode 翻转容易产生 SDC
E152,R153,D59,FP/SIMD Decode,V寄存器号字段·单比特翻转,译码输出锁存器的源/目的 V 寄存器操作数字段（NEON 128 位寄存器编号，V0~V31）,单比特翻转,F2,—（不涉及事件触发）,libjpeg-turbo,运行计数,2000 次运行,,,,,,,,V 寄存器编号 5 位，翻转后落在合法范围（0~31）的概率高，预期比 opcode 翻转容易产生 SDC
E153,R154,D60,FP/SIMD Decode,V寄存器号字段·双比特翻转,译码输出锁存器的源/目的 V 寄存器操作数字段,双比特翻转,F0,—（不涉及事件触发）,PolyBench,运行计数,2000 次运行,,,,,,,,对应 「源/目的寄存器号字段·双比特翻转」
E154,R155,D60,FP/SIMD Decode,V寄存器号字段·双比特翻转,译码输出锁存器的源/目的 V 寄存器操作数字段,双比特翻转,F0,—（不涉及事件触发）,libjpeg-turbo,运行计数,2000 次运行,,,,,,,,对应 「源/目的寄存器号字段·双比特翻转」
E155,R156,D60,FP/SIMD Decode,V寄存器号字段·双比特翻转,译码输出锁存器的源/目的 V 寄存器操作数字段,双比特翻转,F1,—（不涉及事件触发）,PolyBench,运行计数,2000 次运行,,,,,,,,对应 「源/目的寄存器号字段·双比特翻转」
E156,R157,D60,FP/SIMD Decode,V寄存器号字段·双比特翻转,译码输出锁存器的源/目的 V 寄存器操作数字段,双比特翻转,F1,—（不涉及事件触发）,libjpeg-turbo,运行计数,2000 次运行,,,,,,,,对应 「源/目的寄存器号字段·双比特翻转」
E157,R158,D61,FP/SIMD Decode,指令路由判定位·状态翻转,指令识别/路由判定位（该指令送整数发射队列还是 FP/SIMD 发射队列）——该字段本身为单比特控制位，无多比特版本,状态（结构化）,F1,—（不涉及事件触发）,Embench（含整数/浮点混合的程序）,运行计数,2000 次运行,,,,,,,,预期崩溃率高于单元 3 的对应位置（「分发端口选择逻辑·状态翻转」），因为整数和 FP/SIMD 走的是完全不同的寄存器堆和执行单元，类型不匹配大概率直接崩溃，不太可能有「凑巧兼容」的情形
E158,R159,D61,FP/SIMD Decode,指令路由判定位·状态翻转,指令识别/路由判定位（该指令送整数发射队列还是 FP/SIMD 发射队列）——该字段本身为单比特控制位，无多比特版本,状态（结构化）,F2,—（不涉及事件触发）,Embench（含整数/浮点混合的程序）,运行计数,2000 次运行,,,,,,,,预期崩溃率高于单元 3 的对应位置（「分发端口选择逻辑·状态翻转」），因为整数和 FP/SIMD 走的是完全不同的寄存器堆和执行单元，类型不匹配大概率直接崩溃，不太可能有「凑巧兼容」的情形
E159,R160,D62,FP/SIMD Rename,标量FP RAT映射字段·单比特翻转,标量 FP RAT 表项（D/S 寄存器映射，numPhysFloatRegs=192 池）,单比特翻转,F0,—（不涉及事件触发）,PolyBench,运行计数,2000 次运行,,,,,,,,预期与 「RAT映射字段·单比特翻转」 一致，SDC 概率很低
E160,R161,D62,FP/SIMD Rename,标量FP RAT映射字段·单比特翻转,标量 FP RAT 表项（D/S 寄存器映射，numPhysFloatRegs=192 池）,单比特翻转,F0,—（不涉及事件触发）,Embench（浮点子集）,运行计数,2000 次运行,,,,,,,,预期与 「RAT映射字段·单比特翻转」 一致，SDC 概率很低
E161,R162,D62,FP/SIMD Rename,标量FP RAT映射字段·单比特翻转,标量 FP RAT 表项（D/S 寄存器映射，numPhysFloatRegs=192 池）,单比特翻转,F1,—（不涉及事件触发）,PolyBench,运行计数,2000 次运行,,,,,,,,预期与 「RAT映射字段·单比特翻转」 一致，SDC 概率很低
E162,R163,D62,FP/SIMD Rename,标量FP RAT映射字段·单比特翻转,标量 FP RAT 表项（D/S 寄存器映射，numPhysFloatRegs=192 池）,单比特翻转,F1,—（不涉及事件触发）,Embench（浮点子集）,运行计数,2000 次运行,,,,,,,,预期与 「RAT映射字段·单比特翻转」 一致，SDC 概率很低
E163,R164,D63,FP/SIMD Rename,标量FP RAT映射字段·双比特翻转,标量 FP RAT 表项,双比特翻转,F0,—（不涉及事件触发）,PolyBench,运行计数,2000 次运行,,,,,,,,对应 「RAT映射字段·双比特翻转」
E164,R165,D63,FP/SIMD Rename,标量FP RAT映射字段·双比特翻转,标量 FP RAT 表项,双比特翻转,F0,—（不涉及事件触发）,Embench（浮点子集）,运行计数,2000 次运行,,,,,,,,对应 「RAT映射字段·双比特翻转」
E165,R166,D64,FP/SIMD Rename,标量FP RAT映射字段·换值,标量 FP RAT 表项,换值（结构化）,F0,—（不涉及事件触发）,PolyBench,运行计数,2000 次运行,,,,,,,,预期 SDC 概率高于 「标量FP RAT映射字段·单比特翻转」/「标量FP RAT映射字段·双比特翻转」，且浮点数据的「安静错误」特性（尾数低位翻转不改变数量级）预期让这里的 SDC 比整数版（「RAT映射字段·换值(固定间隔)」）更隐蔽、更难被 L2 层的粗粒度比对发现
E166,R167,D64,FP/SIMD Rename,标量FP RAT映射字段·换值,标量 FP RAT 表项,换值（结构化）,F0,—（不涉及事件触发）,Embench（浮点子集）,运行计数,2000 次运行,,,,,,,,预期 SDC 概率高于 「标量FP RAT映射字段·单比特翻转」/「标量FP RAT映射字段·双比特翻转」，且浮点数据的「安静错误」特性（尾数低位翻转不改变数量级）预期让这里的 SDC 比整数版（「RAT映射字段·换值(固定间隔)」）更隐蔽、更难被 L2 层的粗粒度比对发现
E167,R168,D64,FP/SIMD Rename,标量FP RAT映射字段·换值,标量 FP RAT 表项,换值（结构化）,F1,—（不涉及事件触发）,PolyBench,运行计数,2000 次运行,,,,,,,,预期 SDC 概率高于 「标量FP RAT映射字段·单比特翻转」/「标量FP RAT映射字段·双比特翻转」，且浮点数据的「安静错误」特性（尾数低位翻转不改变数量级）预期让这里的 SDC 比整数版（「RAT映射字段·换值(固定间隔)」）更隐蔽、更难被 L2 层的粗粒度比对发现
E168,R169,D64,FP/SIMD Rename,标量FP RAT映射字段·换值,标量 FP RAT 表项,换值（结构化）,F1,—（不涉及事件触发）,Embench（浮点子集）,运行计数,2000 次运行,,,,,,,,预期 SDC 概率高于 「标量FP RAT映射字段·单比特翻转」/「标量FP RAT映射字段·双比特翻转」，且浮点数据的「安静错误」特性（尾数低位翻转不改变数量级）预期让这里的 SDC 比整数版（「RAT映射字段·换值(固定间隔)」）更隐蔽、更难被 L2 层的粗粒度比对发现
E169,R170,D65,FP/SIMD Rename,标量FP RAT映射字段·卡死,标量 FP RAT 表项（D/S 寄存器映射，numPhysFloatRegs=192 池）,卡死（结构化）,F5,—（不涉及事件触发）,PolyBench,运行计数,2000 次运行,,,,,,,,对应「RAT映射字段·卡死」，预期效应模式相近
E170,R171,D65,FP/SIMD Rename,标量FP RAT映射字段·卡死,标量 FP RAT 表项（D/S 寄存器映射，numPhysFloatRegs=192 池）,卡死（结构化）,F5,—（不涉及事件触发）,Embench（浮点子集）,运行计数,2000 次运行,,,,,,,,对应「RAT映射字段·卡死」，预期效应模式相近
E171,R172,D66,FP/SIMD Rename,标量FP RAT映射字段·读到旧数据,标量 FP RAT 表项（D/S 寄存器映射，numPhysFloatRegs=192 池）,错位拼接（结构化）：读到旧数据,—（不适用固定间隔）,该表项被下一次重命名写入覆盖的瞬间,PolyBench,事件覆盖计数,覆盖≥2000次目标事件,,,,,,,,对应「RAT映射字段·读到旧数据」，预期效应模式相近，浮点数据的「安静错误」特性可能让旧值和新值在数量级上更接近、更难察觉
E172,R173,D66,FP/SIMD Rename,标量FP RAT映射字段·读到旧数据,标量 FP RAT 表项（D/S 寄存器映射，numPhysFloatRegs=192 池）,错位拼接（结构化）：读到旧数据,—（不适用固定间隔）,该表项被下一次重命名写入覆盖的瞬间,Embench（浮点子集）,事件覆盖计数,覆盖≥2000次目标事件,,,,,,,,对应「RAT映射字段·读到旧数据」，预期效应模式相近，浮点数据的「安静错误」特性可能让旧值和新值在数量级上更接近、更难察觉
E173,R174,D67,FP/SIMD Rename,向量RAT映射字段·单比特翻转,向量/NEON RAT 表项（V/Q 寄存器映射，numPhysVecRegs=48 池）,单比特翻转,F0,—（不涉及事件触发）,PolyBench,运行计数,2000 次运行,,,,,,,,预期与 「RAT映射字段·单比特翻转」 一致
E174,R175,D67,FP/SIMD Rename,向量RAT映射字段·单比特翻转,向量/NEON RAT 表项（V/Q 寄存器映射，numPhysVecRegs=48 池）,单比特翻转,F0,—（不涉及事件触发）,libjpeg-turbo,运行计数,2000 次运行,,,,,,,,预期与 「RAT映射字段·单比特翻转」 一致
E175,R176,D67,FP/SIMD Rename,向量RAT映射字段·单比特翻转,向量/NEON RAT 表项（V/Q 寄存器映射，numPhysVecRegs=48 池）,单比特翻转,F1,—（不涉及事件触发）,PolyBench,运行计数,2000 次运行,,,,,,,,预期与 「RAT映射字段·单比特翻转」 一致
E176,R177,D67,FP/SIMD Rename,向量RAT映射字段·单比特翻转,向量/NEON RAT 表项（V/Q 寄存器映射，numPhysVecRegs=48 池）,单比特翻转,F1,—（不涉及事件触发）,libjpeg-turbo,运行计数,2000 次运行,,,,,,,,预期与 「RAT映射字段·单比特翻转」 一致
E177,R178,D68,FP/SIMD Rename,向量RAT映射字段·双比特翻转,向量/NEON RAT 表项,双比特翻转,F0,—（不涉及事件触发）,PolyBench,运行计数,2000 次运行,,,,,,,,向量池索引只需 6 位编码（48 项），比标量池的 8 位（192 项）更窄，双比特翻转造成的相对偏移更大，预期比 「标量FP RAT映射字段·双比特翻转」 更容易越界，Crash 占比预期更高
E178,R179,D68,FP/SIMD Rename,向量RAT映射字段·双比特翻转,向量/NEON RAT 表项,双比特翻转,F0,—（不涉及事件触发）,libjpeg-turbo,运行计数,2000 次运行,,,,,,,,向量池索引只需 6 位编码（48 项），比标量池的 8 位（192 项）更窄，双比特翻转造成的相对偏移更大，预期比 「标量FP RAT映射字段·双比特翻转」 更容易越界，Crash 占比预期更高
E179,R180,D69,FP/SIMD Rename,向量RAT映射字段·换值,向量/NEON RAT 表项,换值（结构化）,F0,—（不涉及事件触发）,PolyBench,运行计数,2000 次运行,,,,,,,,预期 SDC 概率高于 「向量RAT映射字段·单比特翻转」/「向量RAT映射字段·双比特翻转」，逻辑同 「标量FP RAT映射字段·换值」；额外预期：由于 NEON 是 128 位整块寄存器，「换值」后污染大概率是整个寄存器一起错，而不是部分 lane，这点需要和真正的数据类故障（如 L1d-Cache 里字节级污染）做对比才能确认，这里先记录预期
E180,R181,D69,FP/SIMD Rename,向量RAT映射字段·换值,向量/NEON RAT 表项,换值（结构化）,F0,—（不涉及事件触发）,libjpeg-turbo,运行计数,2000 次运行,,,,,,,,预期 SDC 概率高于 「向量RAT映射字段·单比特翻转」/「向量RAT映射字段·双比特翻转」，逻辑同 「标量FP RAT映射字段·换值」；额外预期：由于 NEON 是 128 位整块寄存器，「换值」后污染大概率是整个寄存器一起错，而不是部分 lane，这点需要和真正的数据类故障（如 L1d-Cache 里字节级污染）做对比才能确认，这里先记录预期
E181,R182,D69,FP/SIMD Rename,向量RAT映射字段·换值,向量/NEON RAT 表项,换值（结构化）,F1,—（不涉及事件触发）,PolyBench,运行计数,2000 次运行,,,,,,,,预期 SDC 概率高于 「向量RAT映射字段·单比特翻转」/「向量RAT映射字段·双比特翻转」，逻辑同 「标量FP RAT映射字段·换值」；额外预期：由于 NEON 是 128 位整块寄存器，「换值」后污染大概率是整个寄存器一起错，而不是部分 lane，这点需要和真正的数据类故障（如 L1d-Cache 里字节级污染）做对比才能确认，这里先记录预期
E182,R183,D69,FP/SIMD Rename,向量RAT映射字段·换值,向量/NEON RAT 表项,换值（结构化）,F1,—（不涉及事件触发）,libjpeg-turbo,运行计数,2000 次运行,,,,,,,,预期 SDC 概率高于 「向量RAT映射字段·单比特翻转」/「向量RAT映射字段·双比特翻转」，逻辑同 「标量FP RAT映射字段·换值」；额外预期：由于 NEON 是 128 位整块寄存器，「换值」后污染大概率是整个寄存器一起错，而不是部分 lane，这点需要和真正的数据类故障（如 L1d-Cache 里字节级污染）做对比才能确认，这里先记录预期
E183,R184,D70,FP/SIMD Rename,向量RAT映射字段·卡死,向量/NEON RAT 表项（V/Q 寄存器映射，numPhysVecRegs=48 池）,卡死（结构化）,F5,—（不涉及事件触发）,PolyBench,运行计数,2000 次运行,,,,,,,,48 项的向量池比 192 项的标量池小，同一运行时长内该池的每一项被重命名的频率更高，预期「标量FP RAT映射字段·卡死」/「向量RAT映射字段·卡死」两行的曝光次数会有系统性差异，即使 SDC 概率本身接近
E184,R185,D70,FP/SIMD Rename,向量RAT映射字段·卡死,向量/NEON RAT 表项（V/Q 寄存器映射，numPhysVecRegs=48 池）,卡死（结构化）,F5,—（不涉及事件触发）,libjpeg-turbo,运行计数,2000 次运行,,,,,,,,48 项的向量池比 192 项的标量池小，同一运行时长内该池的每一项被重命名的频率更高，预期「标量FP RAT映射字段·卡死」/「向量RAT映射字段·卡死」两行的曝光次数会有系统性差异，即使 SDC 概率本身接近
E185,R186,D71,FP/SIMD Rename,向量RAT映射字段·读到旧数据,向量/NEON RAT 表项（V/Q 寄存器映射，numPhysVecRegs=48 池）,错位拼接（结构化）：读到旧数据,—（不适用固定间隔）,该表项被下一次重命名写入覆盖的瞬间,PolyBench,事件覆盖计数,覆盖≥2000次目标事件,,,,,,,,48 项的池子重用率更高，同一物理寄存器号在短时间内被重新分配的概率更大，旧映射和新映射的语义差异可能更细微
E186,R187,D71,FP/SIMD Rename,向量RAT映射字段·读到旧数据,向量/NEON RAT 表项（V/Q 寄存器映射，numPhysVecRegs=48 池）,错位拼接（结构化）：读到旧数据,—（不适用固定间隔）,该表项被下一次重命名写入覆盖的瞬间,libjpeg-turbo,事件覆盖计数,覆盖≥2000次目标事件,,,,,,,,48 项的池子重用率更高，同一物理寄存器号在短时间内被重新分配的概率更大，旧映射和新映射的语义差异可能更细微
E187,R188,D72,FP/SIMD Rename,标量FP空闲表·重复分配(固定间隔),标量 FP Free List 队列项（192 项池）,状态（结构化）：重复分配,F1,—（不涉及事件触发）,长依赖链压力核,运行计数,2000 次运行,,,,,,,,预期与 「空闲表·重复分配(固定间隔)」 同源，SDC 与 Crash 并存
E188,R189,D72,FP/SIMD Rename,标量FP空闲表·重复分配(固定间隔),标量 FP Free List 队列项（192 项池）,状态（结构化）：重复分配,F2,—（不涉及事件触发）,长依赖链压力核,运行计数,2000 次运行,,,,,,,,预期与 「空闲表·重复分配(固定间隔)」 同源，SDC 与 Crash 并存
E189,R190,D73,FP/SIMD Rename,标量FP空闲表·重复分配(事件触发),标量 FP Free List 队列项（192 项池）,状态（结构化）：重复分配,—（不适用固定间隔）,标量池剩余项数低于阈值（建议 ≤12 项）,长依赖链压力核,事件覆盖计数,覆盖≥2000次目标事件,,,,,,,,预期与 「空闲表·重复分配(固定间隔)」 同源，SDC 与 Crash 并存；精确瞄准「标量池快见底」这个窗口，预期比固定间隔版更高效地命中该场景
E190,R191,D74,FP/SIMD Rename,向量空闲表·重复分配(固定间隔),向量/NEON Free List 队列项（48 项池）,状态（结构化）：重复分配,F1,—（不涉及事件触发）,长依赖链压力核（向量版：用向量累加链）,运行计数,2000 次运行,,,,,,,,预期向量池（48 项）比标量池（192 项）更容易被压到低水位、更容易复现结构化重复分配效应，是验证「小容量结构更脆弱」这一直觉的直接实验
E191,R192,D74,FP/SIMD Rename,向量空闲表·重复分配(固定间隔),向量/NEON Free List 队列项（48 项池）,状态（结构化）：重复分配,F2,—（不涉及事件触发）,长依赖链压力核（向量版：用向量累加链）,运行计数,2000 次运行,,,,,,,,预期向量池（48 项）比标量池（192 项）更容易被压到低水位、更容易复现结构化重复分配效应，是验证「小容量结构更脆弱」这一直觉的直接实验
E192,R193,D75,FP/SIMD Rename,向量空闲表·重复分配(事件触发),向量/NEON Free List 队列项（48 项池）,状态（结构化）：重复分配,—（不适用固定间隔）,向量池剩余项数低于阈值（建议 ≤6 项，按 48 项池容量等比例设置）,长依赖链压力核（向量版：用向量累加链）,事件覆盖计数,覆盖≥2000次目标事件,,,,,,,,预期向量池（48 项）比标量池（192 项）更容易被压到低水位、更容易复现结构化重复分配效应，是验证「小容量结构更脆弱」这一直觉的直接实验；精确瞄准「向量池快见底」这个窗口，预期比固定间隔版更高效地命中该场景
E193,R194,D76,FP/SIMD Rename,标量FP空闲表·丢失释放,标量 FP Free List 队列项,时序（结构化）：丢失释放,F1（持续到运行结束）,—（不涉及事件触发）,PolyBench,运行计数,2000 次运行,,,,,,,,预期与 「空闲表·丢失释放」 同源，主导结果是 Timeout
E194,R195,D77,FP/SIMD Rename,向量空闲表·丢失释放,向量/NEON Free List 队列项,时序（结构化）：丢失释放,F1（持续到运行结束）,—（不涉及事件触发）,长依赖链压力核（向量版）,运行计数,2000 次运行,,,,,,,,预期向量池更快耗尽、更快出现 Timeout，同一时间窗口内向量池的「前兆信号」应该比标量池出现得更早
E195,R196,D78,FP/SIMD Rename,SVE谓词RAT映射字段·单比特翻转,SVE 谓词寄存器 RAT（numPhysVecPredRegs=32 池，仅 SVE+SME 版配置适用）,单比特翻转,F0,—（不涉及事件触发）,PolyBench（SVE 向量化版）,运行计数,2000 次运行,,,,,,,,预期谓词翻转会导致部分 lane 的计算结果被错误地纳入或排除，是 SIMD/SVE 场景独有的「部分污染」故障，预期 SDC 概率较高且传播方式与整数/标量故障有本质不同
E196,R197,D78,FP/SIMD Rename,SVE谓词RAT映射字段·单比特翻转,SVE 谓词寄存器 RAT（numPhysVecPredRegs=32 池，仅 SVE+SME 版配置适用）,单比特翻转,F1,—（不涉及事件触发）,PolyBench（SVE 向量化版）,运行计数,2000 次运行,,,,,,,,预期谓词翻转会导致部分 lane 的计算结果被错误地纳入或排除，是 SIMD/SVE 场景独有的「部分污染」故障，预期 SDC 概率较高且传播方式与整数/标量故障有本质不同
E197,R198,D79,FP/SIMD Rename,SVE谓词RAT映射字段·双比特翻转,SVE 谓词寄存器 RAT,双比特翻转,F0,—（不涉及事件触发）,PolyBench（SVE 向量化版）,运行计数,2000 次运行,,,,,,,,谓词寄存器池只需 5 位编码（32 项），双比特翻转造成的相对偏移比 「向量RAT映射字段·双比特翻转」（向量池 6 位）更大，预期 Crash 占比高于 「SVE谓词RAT映射字段·单比特翻转」
E198,R199,D80,FP/SIMD Rename,SVE谓词RAT映射字段·换值,SVE 谓词寄存器 RAT（numPhysVecPredRegs=32 池，仅 SVE+SME 版配置适用）,换值（结构化）,F0,—（不涉及事件触发）,PolyBench（SVE 向量化版）,运行计数,2000 次运行,,,,,,,,和标量/向量 RAT 的换值模型（「标量FP RAT映射字段·换值」「向量RAT映射字段·换值」）同一逻辑，预期 SDC 概率高于「SVE谓词RAT映射字段·单比特翻转」/「SVE谓词RAT映射字段·双比特翻转」
E199,R200,D80,FP/SIMD Rename,SVE谓词RAT映射字段·换值,SVE 谓词寄存器 RAT（numPhysVecPredRegs=32 池，仅 SVE+SME 版配置适用）,换值（结构化）,F1,—（不涉及事件触发）,PolyBench（SVE 向量化版）,运行计数,2000 次运行,,,,,,,,和标量/向量 RAT 的换值模型（「标量FP RAT映射字段·换值」「向量RAT映射字段·换值」）同一逻辑，预期 SDC 概率高于「SVE谓词RAT映射字段·单比特翻转」/「SVE谓词RAT映射字段·双比特翻转」
E200,R201,D81,FP/SIMD Rename,SVE谓词RAT映射字段·卡死,SVE 谓词寄存器 RAT（numPhysVecPredRegs=32 池，仅 SVE+SME 版配置适用）,卡死（结构化）,F5,—（不涉及事件触发）,PolyBench（SVE 向量化版）,运行计数,2000 次运行,,,,,,,,对应「RAT映射字段·卡死」，预期效应模式相近
E201,R202,D82,FP/SIMD Rename,SVE谓词RAT映射字段·读到旧数据,SVE 谓词寄存器 RAT（numPhysVecPredRegs=32 池，仅 SVE+SME 版配置适用）,错位拼接（结构化）：读到旧数据,—（不适用固定间隔）,该表项被下一次重命名写入覆盖的瞬间,PolyBench（SVE 向量化版）,事件覆盖计数,覆盖≥2000次目标事件,,,,,,,,对应「RAT映射字段·读到旧数据」，完成 Int/标量FP/向量/SVE谓词四类 RAT 的「读到旧数据」全覆盖
E202,R203,D83,FP/SIMD Dispatch/ROB,ROB的PC字段(FP负载自检)·单比特翻转,ROB 项的 PC 字段（与单元 3 完全共用同一个 128 项 ROB，不是独立结构）——内置自检，用 FP/SIMD 指令重跑 「ROB的PC字段·单比特翻转」,单比特翻转,F0,—（不涉及事件触发）,PolyBench,运行计数,2000 次运行,,,,,,,,预期结果应与 「ROB的PC字段·单比特翻转」 用整数负载测出的 SDC≈0% 高度一致（同一个 ROB 结构，故障模型和硬件行为不因指令类型改变）
E203,R204,D83,FP/SIMD Dispatch/ROB,ROB的PC字段(FP负载自检)·单比特翻转,ROB 项的 PC 字段（与单元 3 完全共用同一个 128 项 ROB，不是独立结构）——内置自检，用 FP/SIMD 指令重跑 「ROB的PC字段·单比特翻转」,单比特翻转,F0,—（不涉及事件触发）,Embench（浮点子集）,运行计数,2000 次运行,,,,,,,,预期结果应与 「ROB的PC字段·单比特翻转」 用整数负载测出的 SDC≈0% 高度一致（同一个 ROB 结构，故障模型和硬件行为不因指令类型改变）
E204,R205,D84,FP/SIMD Dispatch/ROB,ROB的done位(FP负载自检，固定间隔)·提前置位,ROB 项的 done/completed 状态位——内置自检，用 FP/SIMD 指令重跑 「ROB的done位·提前置位(固定间隔)」,状态（结构化）：提前置位,F1,—（不涉及事件触发）,PolyBench,运行计数,2000 次运行,,,,,,,,预期结果应与 「ROB的done位·提前置位(固定间隔)」 用整数负载测出的高 SDC 率高度一致
E205,R206,D84,FP/SIMD Dispatch/ROB,ROB的done位(FP负载自检，固定间隔)·提前置位,ROB 项的 done/completed 状态位——内置自检，用 FP/SIMD 指令重跑 「ROB的done位·提前置位(固定间隔)」,状态（结构化）：提前置位,F1,—（不涉及事件触发）,ROB 填满核（浮点版）,运行计数,2000 次运行,,,,,,,,预期结果应与 「ROB的done位·提前置位(固定间隔)」 用整数负载测出的高 SDC 率高度一致
E206,R207,D84,FP/SIMD Dispatch/ROB,ROB的done位(FP负载自检，固定间隔)·提前置位,ROB 项的 done/completed 状态位——内置自检，用 FP/SIMD 指令重跑 「ROB的done位·提前置位(固定间隔)」,状态（结构化）：提前置位,F2,—（不涉及事件触发）,PolyBench,运行计数,2000 次运行,,,,,,,,预期结果应与 「ROB的done位·提前置位(固定间隔)」 用整数负载测出的高 SDC 率高度一致
E207,R208,D84,FP/SIMD Dispatch/ROB,ROB的done位(FP负载自检，固定间隔)·提前置位,ROB 项的 done/completed 状态位——内置自检，用 FP/SIMD 指令重跑 「ROB的done位·提前置位(固定间隔)」,状态（结构化）：提前置位,F2,—（不涉及事件触发）,ROB 填满核（浮点版）,运行计数,2000 次运行,,,,,,,,预期结果应与 「ROB的done位·提前置位(固定间隔)」 用整数负载测出的高 SDC 率高度一致
E208,R209,D85,FP/SIMD Dispatch/ROB,ROB的done位(FP负载自检，事件触发)·提前置位,ROB 项的 done/completed 状态位——内置自检，用 FP/SIMD 指令重跑 「ROB的done位·提前置位(固定间隔)」,状态（结构化）：提前置位,—（不适用固定间隔）,ROB 占用超过 80%,ROB 填满核（浮点版）,事件覆盖计数,覆盖≥2000次目标事件,,,,,,,,预期结果应与 「ROB的done位·提前置位(固定间隔)」 用整数负载测出的高 SDC 率高度一致；精确瞄准「ROB 快满」这个窗口，预期比固定间隔版更高效地命中该场景
E209,R210,D86,FP/SIMD Dispatch/ROB,FP/SIMD IQ的ready位·提前置位,FP/SIMD Issue Queue 项的 ready 位——该字段本身为单比特控制位，无多比特版本,状态（结构化）：提前置位,F1,—（不涉及事件触发）,PolyBench,运行计数,2000 次运行,,,,,,,,预期与 「Int IQ的ready位·提前置位」 一致，SDC 概率较高；额外预期浮点场景的「尾数低位污染难以察觉」效应会让这里的隐蔽 SDC 比例高于整数版
E210,R211,D86,FP/SIMD Dispatch/ROB,FP/SIMD IQ的ready位·提前置位,FP/SIMD Issue Queue 项的 ready 位——该字段本身为单比特控制位，无多比特版本,状态（结构化）：提前置位,F1,—（不涉及事件触发）,Embench（浮点子集）,运行计数,2000 次运行,,,,,,,,预期与 「Int IQ的ready位·提前置位」 一致，SDC 概率较高；额外预期浮点场景的「尾数低位污染难以察觉」效应会让这里的隐蔽 SDC 比例高于整数版
E211,R212,D86,FP/SIMD Dispatch/ROB,FP/SIMD IQ的ready位·提前置位,FP/SIMD Issue Queue 项的 ready 位——该字段本身为单比特控制位，无多比特版本,状态（结构化）：提前置位,F2,—（不涉及事件触发）,PolyBench,运行计数,2000 次运行,,,,,,,,预期与 「Int IQ的ready位·提前置位」 一致，SDC 概率较高；额外预期浮点场景的「尾数低位污染难以察觉」效应会让这里的隐蔽 SDC 比例高于整数版
E212,R213,D86,FP/SIMD Dispatch/ROB,FP/SIMD IQ的ready位·提前置位,FP/SIMD Issue Queue 项的 ready 位——该字段本身为单比特控制位，无多比特版本,状态（结构化）：提前置位,F2,—（不涉及事件触发）,Embench（浮点子集）,运行计数,2000 次运行,,,,,,,,预期与 「Int IQ的ready位·提前置位」 一致，SDC 概率较高；额外预期浮点场景的「尾数低位污染难以察觉」效应会让这里的隐蔽 SDC 比例高于整数版
E213,R214,D87,FP/SIMD Dispatch/ROB,FP/SIMD IQ的tag字段·换值,FP/SIMD Issue Queue 项的源操作数 tag 字段,换值（结构化）,F0,—（不涉及事件触发）,PolyBench,运行计数,2000 次运行,,,,,,,,预期与 「Int IQ的tag字段·换值」 一致
E214,R215,D87,FP/SIMD Dispatch/ROB,FP/SIMD IQ的tag字段·换值,FP/SIMD Issue Queue 项的源操作数 tag 字段,换值（结构化）,F0,—（不涉及事件触发）,libjpeg-turbo,运行计数,2000 次运行,,,,,,,,预期与 「Int IQ的tag字段·换值」 一致
E215,R216,D87,FP/SIMD Dispatch/ROB,FP/SIMD IQ的tag字段·换值,FP/SIMD Issue Queue 项的源操作数 tag 字段,换值（结构化）,F1,—（不涉及事件触发）,PolyBench,运行计数,2000 次运行,,,,,,,,预期与 「Int IQ的tag字段·换值」 一致
E216,R217,D87,FP/SIMD Dispatch/ROB,FP/SIMD IQ的tag字段·换值,FP/SIMD Issue Queue 项的源操作数 tag 字段,换值（结构化）,F1,—（不涉及事件触发）,libjpeg-turbo,运行计数,2000 次运行,,,,,,,,预期与 「Int IQ的tag字段·换值」 一致
E217,R218,D88,FP/SIMD Dispatch/ROB,FP/SIMD IQ的tag字段·单比特翻转,FP/SIMD Issue Queue 项的源操作数 tag 字段,单比特翻转,F0,—（不涉及事件触发）,PolyBench,运行计数,2000 次运行,,,,,,,,对应「Int IQ的tag字段·单比特翻转」，预期和「FP/SIMD IQ的tag字段·换值」效果接近
E218,R219,D88,FP/SIMD Dispatch/ROB,FP/SIMD IQ的tag字段·单比特翻转,FP/SIMD Issue Queue 项的源操作数 tag 字段,单比特翻转,F0,—（不涉及事件触发）,libjpeg-turbo,运行计数,2000 次运行,,,,,,,,对应「Int IQ的tag字段·单比特翻转」，预期和「FP/SIMD IQ的tag字段·换值」效果接近
E219,R220,D88,FP/SIMD Dispatch/ROB,FP/SIMD IQ的tag字段·单比特翻转,FP/SIMD Issue Queue 项的源操作数 tag 字段,单比特翻转,F1,—（不涉及事件触发）,PolyBench,运行计数,2000 次运行,,,,,,,,对应「Int IQ的tag字段·单比特翻转」，预期和「FP/SIMD IQ的tag字段·换值」效果接近
E220,R221,D88,FP/SIMD Dispatch/ROB,FP/SIMD IQ的tag字段·单比特翻转,FP/SIMD Issue Queue 项的源操作数 tag 字段,单比特翻转,F1,—（不涉及事件触发）,libjpeg-turbo,运行计数,2000 次运行,,,,,,,,对应「Int IQ的tag字段·单比特翻转」，预期和「FP/SIMD IQ的tag字段·换值」效果接近
E221,R222,D89,FP/SIMD Dispatch/ROB,FP/SIMD IQ的tag字段·双比特翻转,FP/SIMD Issue Queue 项的源操作数 tag 字段,双比特翻转,F0,—（不涉及事件触发）,PolyBench,运行计数,2000 次运行,,,,,,,,同「Int IQ的tag字段·双比特翻转」的浮点/向量版
E222,R223,D89,FP/SIMD Dispatch/ROB,FP/SIMD IQ的tag字段·双比特翻转,FP/SIMD Issue Queue 项的源操作数 tag 字段,双比特翻转,F0,—（不涉及事件触发）,libjpeg-turbo,运行计数,2000 次运行,,,,,,,,同「Int IQ的tag字段·双比特翻转」的浮点/向量版
E223,R224,D90,FP/SIMD Dispatch/ROB,FP/SIMD IQ的tag字段·卡死,FP/SIMD Issue Queue 项的源操作数 tag 字段,卡死（结构化）,F5,—（不涉及事件触发）,PolyBench,运行计数,2000 次运行,,,,,,,,对应「Int IQ的tag字段·卡死」
E224,R225,D90,FP/SIMD Dispatch/ROB,FP/SIMD IQ的tag字段·卡死,FP/SIMD Issue Queue 项的源操作数 tag 字段,卡死（结构化）,F5,—（不涉及事件触发）,libjpeg-turbo,运行计数,2000 次运行,,,,,,,,对应「Int IQ的tag字段·卡死」
E225,R226,D91,FP/SIMD Dispatch/ROB,FP/SIMD IQ的tag字段·读到旧数据,FP/SIMD Issue Queue 项的源操作数 tag 字段,错位拼接（结构化）：读到旧数据,—（不适用固定间隔）,该 IQ 槽位被新 µop 写入覆盖的瞬间,PolyBench,事件覆盖计数,覆盖≥2000次目标事件,,,,,,,,对应「Int IQ的tag字段·读到旧数据」，完成整数/浮点两条路径在「读到旧数据」这类机制上的完整对照
E226,R227,D91,FP/SIMD Dispatch/ROB,FP/SIMD IQ的tag字段·读到旧数据,FP/SIMD Issue Queue 项的源操作数 tag 字段,错位拼接（结构化）：读到旧数据,—（不适用固定间隔）,该 IQ 槽位被新 µop 写入覆盖的瞬间,libjpeg-turbo,事件覆盖计数,覆盖≥2000次目标事件,,,,,,,,对应「Int IQ的tag字段·读到旧数据」，完成整数/浮点两条路径在「读到旧数据」这类机制上的完整对照
