campaign,unit,fault_model,mode,config_family,workload,n_reps,n_valid,n_inactive,n_simerror,n_sdc,n_crash,n_hang,n_masked,n_inject0,P_SDC,P_DUE,wilson_lo,wilson_hi,denominator,source_run
addrmap_formal_fwd,memory,stuck_at_one,SE,C2,fwd,384,384,0,0,0,0,0,384,0,0.0000,0.0000,0.0000,0.0099,n_valid(ooo),/home/sdc/gem5-fi/runs/addrmap_formal_fwd
bpu_branchy_pilot,bpu,transient_bit_flip,SE,C0,branchy,5,5,0,0,0,0,0,5,0,0.0000,0.0000,0.0000,0.4345,n_valid(ooo),/home/sdc/gem5-fi/runs/bpu_branchy_pilot
bpu_formal,bpu,transient_bit_flip,SE,C2,formal,384,384,0,0,0,0,0,384,0,0.0000,0.0000,0.0000,0.0099,n_valid(ooo),/home/sdc/gem5-fi/runs/bpu_formal
bpu_formal_regchain,bpu,transient_bit_flip,SE,C2,regchain,384,384,0,0,0,0,0,384,0,0.0000,0.0000,0.0000,0.0099,n_valid(ooo),/home/sdc/gem5-fi/runs/bpu_formal_regchain
decode_formal,decode,transient_bit_flip,SE,C2,formal,384,382,0,2,1,90,2,289,2,0.0026,0.2408,0.0005,0.0147,n_valid(ooo),/home/sdc/gem5-fi/runs/decode_formal
decode_regchain_pilot,decode,transient_bit_flip,SE,C0,regchain,5,5,0,0,0,0,0,5,0,0.0000,0.0000,0.0000,0.4345,n_valid(ooo),/home/sdc/gem5-fi/runs/decode_regchain_pilot
exec_formal_cholesky,exec,transient_bit_flip,SE,C2,cholesky,384,384,0,0,0,0,0,384,0,0.0000,0.0000,0.0000,0.0099,n_valid(ooo),/home/sdc/gem5-fi/runs/exec_formal_cholesky
exec_formal_regchain,exec,transient_bit_flip,SE,C2,regchain,384,384,0,0,0,0,0,384,0,0.0000,0.0000,0.0000,0.0099,n_valid(ooo),/home/sdc/gem5-fi/runs/exec_formal_regchain
exec_regchain_pilot,exec,transient_bit_flip,SE,C0,regchain,5,5,0,0,0,0,0,5,0,0.0000,0.0000,0.0000,0.4345,n_valid(ooo),/home/sdc/gem5-fi/runs/exec_regchain_pilot
exmon_formal_spinlock,exmon,transient_bit_flip,SE,C2,spinlock,384,384,0,0,0,384,0,0,0,0.0000,1.0000,0.0000,0.0099,n_valid(ooo),/home/sdc/gem5-fi/runs/exmon_formal_spinlock
exmon_spinlock_pilot,exmon,transient_bit_flip,SE,C0,spinlock,5,5,0,0,0,5,0,0,0,0.0000,1.0000,0.0000,0.4345,n_valid(ooo),/home/sdc/gem5-fi/runs/exmon_spinlock_pilot
fpu_formal_gemm,fsu,transient_bit_flip,SE,C2,gemm,384,384,0,0,0,0,0,384,0,0.0000,0.0000,0.0000,0.0099,n_valid(ooo),/home/sdc/gem5-fi/runs/fpu_formal_gemm
fpu_formal_neon,fsu,transient_bit_flip,SE,C2,neon,384,67,317,0,0,0,0,67,317,0.0000,0.0000,0.0000,0.0542,n_valid(ooo),/home/sdc/gem5-fi/runs/fpu_formal_neon
fpu_neon_pilot,fsu,transient_bit_flip,SE,C0,neon,5,5,0,0,0,0,0,5,0,0.0000,0.0000,0.0000,0.4345,n_valid(ooo),/home/sdc/gem5-fi/runs/fpu_neon_pilot
freelist_formal_cholesky,freelist,transient_bit_flip,SE,C2,cholesky,768,748,0,20,0,536,21,191,21,0.0000,0.7447,0.0000,0.0051,n_valid(ooo),/home/sdc/gem5-fi/runs/freelist_formal_cholesky
fwdphase_curve_1,physreg,delay_omission,SE,C2,1,96,96,0,0,0,96,0,0,0,0.0000,1.0000,0.0000,0.0385,n_valid(ooo),/home/sdc/gem5-fi/runs/fwdphase_curve_1
fwdphase_curve_2,physreg,delay_omission,SE,C2,2,96,96,0,0,0,96,0,0,0,0.0000,1.0000,0.0000,0.0385,n_valid(ooo),/home/sdc/gem5-fi/runs/fwdphase_curve_2
fwdphase_curve_4,physreg,delay_omission,SE,C2,4,96,96,0,0,0,96,0,0,0,0.0000,1.0000,0.0000,0.0385,n_valid(ooo),/home/sdc/gem5-fi/runs/fwdphase_curve_4
fwdphase_curve_8,physreg,delay_omission,SE,C2,8,96,96,0,0,0,96,0,0,0,0.0000,1.0000,0.0000,0.0385,n_valid(ooo),/home/sdc/gem5-fi/runs/fwdphase_curve_8
fwdsrc_formal_fwd,physreg,stuck_at_zero,SE,C2,fwd,384,378,0,6,142,217,0,19,0,0.3757,0.5741,0.3283,0.4255,n_valid(ooo),/home/sdc/gem5-fi/runs/fwdsrc_formal_fwd
iq_cholesky_pilot,rat,transient_bit_flip,SE,C0,cholesky,5,5,0,0,0,0,0,5,0,0.0000,0.0000,0.0000,0.4345,n_valid(ooo),/home/sdc/gem5-fi/runs/iq_cholesky_pilot
iq_f5_formal_madd,iq,legal_domain_sub,SE,C2,f5,384,384,0,0,0,384,0,0,384,0.0000,1.0000,0.0000,0.0099,n_valid(ooo),/home/sdc/gem5-fi/runs/iq_f5_formal_madd
iq_f5f6_pilot,iq,legal_domain_sub,SE,C2,f5f6,10,10,0,0,0,10,0,0,10,0.0000,1.0000,0.0000,0.2775,n_valid(ooo),/home/sdc/gem5-fi/runs/iq_f5f6_pilot
iq_f6_phase_curve,iq,intermittent_burst,SE,C2,curve,384,384,0,0,0,384,0,0,384,0.0000,1.0000,0.0000,0.0099,n_valid(ooo),/home/sdc/gem5-fi/runs/iq_f6_phase_curve
iq_f6_phase_curve_cholesky,iq,intermittent_burst,SE,C2,cholesky,384,384,0,0,0,21,0,363,0,0.0000,0.0547,0.0000,0.0099,n_valid(ooo),/home/sdc/gem5-fi/runs/iq_f6_phase_curve_cholesky
iq_formal_cholesky,iq,transient_bit_flip,SE,C2,cholesky,384,384,0,0,0,0,289,95,289,0.0000,0.7526,0.0000,0.0099,n_valid(ooo),/home/sdc/gem5-fi/runs/iq_formal_cholesky
l1d_formal_reduce,l1d,transient_bit_flip,SE,C0-CACHE,reduce,384,384,0,0,375,0,0,9,0,0.9766,0.0000,0.9561,0.9876,n_valid(ooo),/home/sdc/gem5-fi/runs/l1d_formal_reduce
l1d_formal_reduce_secded,l1d,transient_bit_flip,SE,C0-CACHE,secded,384,384,0,0,0,0,0,384,0,0.0000,0.0000,0.0000,0.0099,n_valid(ooo),/home/sdc/gem5-fi/runs/l1d_formal_reduce_secded
l1d_reduce_pilot,l1d,transient_bit_flip,SE,C0-CACHE,reduce,5,5,0,0,5,0,0,0,0,1.0000,0.0000,0.5655,1.0000,n_valid(ooo),/home/sdc/gem5-fi/runs/l1d_reduce_pilot
l1dfwd_formal_reduce,l1d_fwd,transient_bit_flip,SE,C2,reduce,384,384,0,0,349,0,0,35,0,0.9089,0.0000,0.8759,0.9337,n_valid(ooo),/home/sdc/gem5-fi/runs/l1dfwd_formal_reduce
l1i_formal_loop,l1i,stuck_at_zero,SE,C0-CACHE,loop,768,765,0,3,0,3,1,761,2,0.0000,0.0052,0.0000,0.0050,n_valid(ooo),/home/sdc/gem5-fi/runs/l1i_formal_loop
l2_formal_reduce,l2,transient_bit_flip,SE,C0-CACHE,reduce,384,384,0,0,0,0,0,384,0,0.0000,0.0000,0.0000,0.0099,n_valid(ooo),/home/sdc/gem5-fi/runs/l2_formal_reduce
lsqfwd_formal_fwd,lsq_fwd,transient_bit_flip,SE,C2,fwd,384,381,0,3,18,105,0,258,0,0.0472,0.2756,0.0301,0.0734,n_valid(ooo),/home/sdc/gem5-fi/runs/lsqfwd_formal_fwd
lsqfwd_fwd_pilot,lsq_fwd,transient_bit_flip,SE,C0,fwd,5,5,0,0,0,0,0,5,0,0.0000,0.0000,0.0000,0.4345,n_valid(ooo),/home/sdc/gem5-fi/runs/lsqfwd_fwd_pilot
lsqfwd_regchain_pilot,lsq_fwd,transient_bit_flip,SE,C0,regchain,5,0,5,0,0,0,0,0,5,n/a,n/a,0.0000,0.0000,n_valid(ooo),/home/sdc/gem5-fi/runs/lsqfwd_regchain_pilot
mem_formal_cholesky,memory,transient_bit_flip,SE,C2,cholesky,384,384,0,0,0,0,0,384,0,0.0000,0.0000,0.0000,0.0099,n_valid(ooo),/home/sdc/gem5-fi/runs/mem_formal_cholesky
mem_regchain_pilot,memory,transient_bit_flip,SE,C0,regchain,5,5,0,0,0,0,0,5,0,0.0000,0.0000,0.0000,0.4345,n_valid(ooo),/home/sdc/gem5-fi/runs/mem_regchain_pilot
ooo_w31_toy_rob_pcbitflip,rob,transient_bit_flip,SE,C3,pcbitflip,5,5,0,0,0,0,0,5,0,0.0000,0.0000,0.0000,0.4345,n_valid(ooo),/home/sdc/gem5-fi/runs/ooo_w31_toy_rob_pcbitflip
ooo_w81_gate_e074,rob,transient_bit_flip,SE,C3,e074,2000,2000,0,0,0,0,0,2000,0,0.0000,0.0000,0.0000,0.0019,n_valid(ooo),/home/sdc/gem5-fi/runs/ooo_w81_gate_e074
ooo_w81_gate_e075_crc32,rob,transient_bit_flip,SE,C3,crc32,334,334,0,0,0,0,0,334,0,0.0000,0.0000,0.0000,0.0114,n_valid(ooo),/home/sdc/gem5-fi/runs/ooo_w81_gate_e075_crc32
ooo_w81_gate_e075_matmult-int,rob,transient_bit_flip,SE,C3,ooo_w81_gate_e075_matmult-int,334,334,0,0,0,0,0,334,0,0.0000,0.0000,0.0000,0.0114,n_valid(ooo),/home/sdc/gem5-fi/runs/ooo_w81_gate_e075_matmult-int
ooo_w81_gate_e075_md5sum,rob,transient_bit_flip,SE,C3,md5sum,334,334,0,0,0,0,0,334,0,0.0000,0.0000,0.0000,0.0114,n_valid(ooo),/home/sdc/gem5-fi/runs/ooo_w81_gate_e075_md5sum
ooo_w81_gate_e075_minver,rob,transient_bit_flip,SE,C3,minver,334,334,0,0,0,0,0,334,0,0.0000,0.0000,0.0000,0.0114,n_valid(ooo),/home/sdc/gem5-fi/runs/ooo_w81_gate_e075_minver
ooo_w81_gate_e075_nbody,rob,transient_bit_flip,SE,C3,nbody,334,334,0,0,0,0,0,334,0,0.0000,0.0000,0.0000,0.0114,n_valid(ooo),/home/sdc/gem5-fi/runs/ooo_w81_gate_e075_nbody
ooo_w81_gate_e075_wikisort,rob,transient_bit_flip,SE,C3,wikisort,334,334,0,0,0,0,0,334,0,0.0000,0.0000,0.0000,0.0114,n_valid(ooo),/home/sdc/gem5-fi/runs/ooo_w81_gate_e075_wikisort
ooo_w81_gate_e082,rob,transient_bit_flip,SE,C3,e082,2000,2000,0,0,0,0,2000,0,0,0.0000,1.0000,0.0000,0.0019,n_valid(ooo),/home/sdc/gem5-fi/runs/ooo_w81_gate_e082
ooo_w81_gate_e083_crc32,rob,transient_bit_flip,SE,C3,crc32,334,334,0,0,0,0,334,0,0,0.0000,1.0000,0.0000,0.0114,n_valid(ooo),/home/sdc/gem5-fi/runs/ooo_w81_gate_e083_crc32
ooo_w81_gate_e083_matmult-int,rob,transient_bit_flip,SE,C3,ooo_w81_gate_e083_matmult-int,334,334,0,0,0,0,334,0,0,0.0000,1.0000,0.0000,0.0114,n_valid(ooo),/home/sdc/gem5-fi/runs/ooo_w81_gate_e083_matmult-int
ooo_w81_gate_e083_md5sum,rob,transient_bit_flip,SE,C3,md5sum,334,334,0,0,0,0,334,0,0,0.0000,1.0000,0.0000,0.0114,n_valid(ooo),/home/sdc/gem5-fi/runs/ooo_w81_gate_e083_md5sum
ooo_w81_gate_e083_minver,rob,transient_bit_flip,SE,C3,minver,334,334,0,0,0,0,334,0,0,0.0000,1.0000,0.0000,0.0114,n_valid(ooo),/home/sdc/gem5-fi/runs/ooo_w81_gate_e083_minver
ooo_w81_gate_e083_nbody,rob,transient_bit_flip,SE,C3,nbody,334,334,0,0,0,0,334,0,0,0.0000,1.0000,0.0000,0.0114,n_valid(ooo),/home/sdc/gem5-fi/runs/ooo_w81_gate_e083_nbody
ooo_w81_gate_e083_wikisort,rob,transient_bit_flip,SE,C3,wikisort,334,334,0,0,0,0,334,0,0,0.0000,1.0000,0.0000,0.0114,n_valid(ooo),/home/sdc/gem5-fi/runs/ooo_w81_gate_e083_wikisort
ooo_w81_gatecheck_e074,rob,transient_bit_flip,SE,C3,e074,1,1,0,0,0,0,0,1,0,0.0000,0.0000,0.0000,0.7935,n_valid(ooo),/home/sdc/gem5-fi/runs/ooo_w81_gatecheck_e074
ooo_w81_gatecheck_e075_crc32,rob,transient_bit_flip,SE,C3,crc32,1,1,0,0,0,0,0,1,0,0.0000,0.0000,0.0000,0.7935,n_valid(ooo),/home/sdc/gem5-fi/runs/ooo_w81_gatecheck_e075_crc32
ooo_w81_gatecheck_e075_matmult-int,rob,transient_bit_flip,SE,C3,ooo_w81_gatecheck_e075_matmult-int,1,1,0,0,0,0,0,1,0,0.0000,0.0000,0.0000,0.7935,n_valid(ooo),/home/sdc/gem5-fi/runs/ooo_w81_gatecheck_e075_matmult-int
ooo_w81_gatecheck_e075_md5sum,rob,transient_bit_flip,SE,C3,md5sum,1,1,0,0,0,0,0,1,0,0.0000,0.0000,0.0000,0.7935,n_valid(ooo),/home/sdc/gem5-fi/runs/ooo_w81_gatecheck_e075_md5sum
ooo_w81_gatecheck_e075_minver,rob,transient_bit_flip,SE,C3,minver,1,1,0,0,0,0,0,1,0,0.0000,0.0000,0.0000,0.7935,n_valid(ooo),/home/sdc/gem5-fi/runs/ooo_w81_gatecheck_e075_minver
ooo_w81_gatecheck_e075_nbody,rob,transient_bit_flip,SE,C3,nbody,1,1,0,0,0,0,0,1,0,0.0000,0.0000,0.0000,0.7935,n_valid(ooo),/home/sdc/gem5-fi/runs/ooo_w81_gatecheck_e075_nbody
ooo_w81_gatecheck_e075_wikisort,rob,transient_bit_flip,SE,C3,wikisort,1,1,0,0,0,0,0,1,0,0.0000,0.0000,0.0000,0.7935,n_valid(ooo),/home/sdc/gem5-fi/runs/ooo_w81_gatecheck_e075_wikisort
ooo_w81_gatecheck_e082,rob,transient_bit_flip,SE,C3,e082,1,1,0,0,0,1,0,0,0,0.0000,1.0000,0.0000,0.7935,n_valid(ooo),/home/sdc/gem5-fi/runs/ooo_w81_gatecheck_e082
ooo_w81_gatecheck_e083_crc32,rob,transient_bit_flip,SE,C3,crc32,1,1,0,0,0,1,0,0,0,0.0000,1.0000,0.0000,0.7935,n_valid(ooo),/home/sdc/gem5-fi/runs/ooo_w81_gatecheck_e083_crc32
ooo_w81_gatecheck_e083_matmult-int,rob,transient_bit_flip,SE,C3,ooo_w81_gatecheck_e083_matmult-int,1,1,0,0,0,1,0,0,0,0.0000,1.0000,0.0000,0.7935,n_valid(ooo),/home/sdc/gem5-fi/runs/ooo_w81_gatecheck_e083_matmult-int
ooo_w81_gatecheck_e083_md5sum,rob,transient_bit_flip,SE,C3,md5sum,1,1,0,0,0,1,0,0,0,0.0000,1.0000,0.0000,0.7935,n_valid(ooo),/home/sdc/gem5-fi/runs/ooo_w81_gatecheck_e083_md5sum
ooo_w81_gatecheck_e083_minver,rob,transient_bit_flip,SE,C3,minver,1,1,0,0,0,1,0,0,0,0.0000,1.0000,0.0000,0.7935,n_valid(ooo),/home/sdc/gem5-fi/runs/ooo_w81_gatecheck_e083_minver
ooo_w81_gatecheck_e083_nbody,rob,transient_bit_flip,SE,C3,nbody,1,1,0,0,0,1,0,0,0,0.0000,1.0000,0.0000,0.7935,n_valid(ooo),/home/sdc/gem5-fi/runs/ooo_w81_gatecheck_e083_nbody
ooo_w81_gatecheck_e083_wikisort,rob,transient_bit_flip,SE,C3,wikisort,1,1,0,0,0,1,0,0,0,0.0000,1.0000,0.0000,0.7935,n_valid(ooo),/home/sdc/gem5-fi/runs/ooo_w81_gatecheck_e083_wikisort
p12_setB_dram,memory,transient_bit_flip,SE,C0,dram,20,20,0,0,17,0,0,3,0,0.8500,0.0000,0.6396,0.9476,n_valid(ooo),/home/sdc/gem5-fi/runs/p12_setB_dram
p12_setB_fpu,fsu,transient_bit_flip,SE,C0,fpu,20,20,0,0,20,0,0,0,0,1.0000,0.0000,0.8389,1.0000,n_valid(ooo),/home/sdc/gem5-fi/runs/p12_setB_fpu
p12_setB_l2,l2,transient_bit_flip,SE,C0-CACHE,l2,20,20,0,0,10,0,0,10,0,0.5000,0.0000,0.2993,0.7007,n_valid(ooo),/home/sdc/gem5-fi/runs/p12_setB_l2
p12_setB_specleak,rat,intermittent_burst,SE,C0,specleak,20,18,2,0,1,0,0,17,2,0.0556,0.0000,0.0099,0.2576,n_valid(ooo),/home/sdc/gem5-fi/runs/p12_setB_specleak
p15_h2_fc_scan,physreg,transient_bit_flip,SE,C2,scan,10,10,0,0,0,0,0,10,0,0.0000,0.0000,0.0000,0.2775,n_valid(ooo),/home/sdc/gem5-fi/runs/p15_h2_fc_scan
p15_h2_repro,physreg,transient_bit_flip,SE,C2,repro,20,20,0,0,10,0,0,10,0,0.5000,0.0000,0.2993,0.7007,n_valid(ooo),/home/sdc/gem5-fi/runs/p15_h2_repro
p17_repro_fpu_svd,fsu,transient_bit_flip,SE,C0,svd,100,100,0,0,92,0,0,8,0,0.9200,0.0000,0.8500,0.9589,n_valid(ooo),/home/sdc/gem5-fi/runs/p17_repro_fpu_svd
p17_repro_l2,l2,transient_bit_flip,SE,C0-CACHE,l2,100,100,0,0,56,0,0,44,0,0.5600,0.0000,0.4623,0.6533,n_valid(ooo),/home/sdc/gem5-fi/runs/p17_repro_l2
p17_repro_specleak,rat,intermittent_burst,SE,C0,specleak,100,96,4,0,15,0,0,81,4,0.1562,0.0000,0.0970,0.2419,n_valid(ooo),/home/sdc/gem5-fi/runs/p17_repro_specleak
p81_campaign_smoke,l1d_fwd,transient_bit_flip,SE,C0,smoke,1,1,0,0,1,0,0,0,0,1.0000,0.0000,0.2065,1.0000,n_valid(ooo),/home/sdc/gem5-fi/runs/p81_campaign_smoke
p82_legacy_smoke,fsu,transient_bit_flip,SE,C0,smoke,5,5,0,0,0,0,0,5,0,0.0000,0.0000,0.0000,0.4345,n_valid(ooo),/home/sdc/gem5-fi/runs/p82_legacy_smoke
p82_uniform_smoke,fsu,transient_bit_flip,SE,C0,smoke,5,5,0,0,0,0,0,5,0,0.0000,0.0000,0.0000,0.4345,n_valid(ooo),/home/sdc/gem5-fi/runs/p82_uniform_smoke
p84_recurring_smoke,fsu,recurring_result_stuck,SE,C0,smoke,3,3,0,0,0,0,0,3,0,0.0000,0.0000,0.0000,0.5615,n_valid(ooo),/home/sdc/gem5-fi/runs/p84_recurring_smoke
pilot_physreg_x3,physreg,transient_bit_flip,SE,C0,x3,3,3,0,0,3,0,0,0,0,1.0000,0.0000,0.4385,1.0000,n_valid(ooo),/home/sdc/gem5-fi/runs/pilot_physreg_x3
prf_abiclass_pilot,physreg,transient_bit_flip,SE,C2,abiclass,1500,1400,0,100,200,200,0,1000,0,0.1429,0.1429,0.1255,0.1622,n_valid(ooo),/home/sdc/gem5-fi/runs/prf_abiclass_pilot
prf_bitseg_boundary,physreg,transient_bit_flip,SE,C2,boundary,700,700,0,0,100,600,0,0,0,0.1429,0.8571,0.1189,0.1707,n_valid(ooo),/home/sdc/gem5-fi/runs/prf_bitseg_boundary
prf_bitseg_pilot,physreg,transient_bit_flip,SE,C2,bitseg,1200,1200,0,0,100,500,0,600,0,0.0833,0.4167,0.0690,0.1003,n_valid(ooo),/home/sdc/gem5-fi/runs/prf_bitseg_pilot
prf_formal_cholesky,physreg,transient_bit_flip,SE,C2,cholesky,768,768,0,0,15,356,0,397,0,0.0195,0.4635,0.0119,0.0320,n_valid(ooo),/home/sdc/gem5-fi/runs/prf_formal_cholesky
prf_h2_trigger_scan,physreg,transient_bit_flip,SE,C2,scan,90,90,0,0,0,0,0,90,0,0.0000,0.0000,0.0000,0.0409,n_valid(ooo),/home/sdc/gem5-fi/runs/prf_h2_trigger_scan
prf_h2_trigger_scan_80k,physreg,transient_bit_flip,SE,C2,80k,90,90,0,0,0,0,0,90,0,0.0000,0.0000,0.0000,0.0409,n_valid(ooo),/home/sdc/gem5-fi/runs/prf_h2_trigger_scan_80k
prf_h2_window_pilot,physreg,transient_bit_flip,SE,C2,window,270,270,0,0,180,0,0,90,0,0.6667,0.0000,0.6084,0.7202,n_valid(ooo),/home/sdc/gem5-fi/runs/prf_h2_window_pilot
prf_ptrchase_phys_pilot,physreg,transient_bit_flip,SE,C2,phys,100,100,0,0,0,0,0,100,0,0.0000,0.0000,0.0000,0.0370,n_valid(ooo),/home/sdc/gem5-fi/runs/prf_ptrchase_phys_pilot
prf_ptrchase_pilot,physreg,transient_bit_flip,SE,C2,ptrchase,300,300,0,0,0,0,0,300,0,0.0000,0.0000,0.0000,0.0126,n_valid(ooo),/home/sdc/gem5-fi/runs/prf_ptrchase_pilot
prf_regchain_pilot,physreg,transient_bit_flip,SE,C0,regchain,10,10,0,0,5,0,0,5,0,0.5000,0.0000,0.2366,0.7634,n_valid(ooo),/home/sdc/gem5-fi/runs/prf_regchain_pilot
ptw_h7_pilot_fs,ptw,transient_bit_flip,FS,C0-FS,h7,12,12,0,0,0,0,0,12,0,0.0000,0.0000,0.0000,0.2425,n_valid(ooo),/home/sdc/gem5-fi/runs/ptw_h7_pilot_fs
pwf_v11_dram_addrmap_pilot,memory,stuck_at_one,SE,C0,addrmap,100,100,0,0,88,0,0,12,0,0.8800,0.0000,0.8019,0.9300,n_valid(ooo),/home/sdc/gem5-fi/runs/pwf_v11_dram_addrmap_pilot
pwf_v11_dram_formal,memory,transient_bit_flip,SE,C0,dram,384,384,0,0,328,0,0,56,0,0.8542,0.0000,0.8154,0.8860,n_valid(ooo),/home/sdc/gem5-fi/runs/pwf_v11_dram_formal
pwf_v11_dram_pilot,memory,transient_bit_flip,SE,C0,dram,100,100,0,0,87,0,0,13,0,0.8700,0.0000,0.7902,0.9224,n_valid(ooo),/home/sdc/gem5-fi/runs/pwf_v11_dram_pilot
pwf_v11_fpu_fmaw_rec_pilot,fsu,transient_bit_flip,SE,C0,rec,100,100,0,0,99,0,0,1,0,0.9900,0.0000,0.9455,0.9982,n_valid(ooo),/home/sdc/gem5-fi/runs/pwf_v11_fpu_fmaw_rec_pilot
pwf_v11_fpu_modes_pilot,fsu,transient_bit_flip,SE,C0,modes,600,600,0,0,599,0,0,1,0,0.9983,0.0000,0.9906,0.9997,n_valid(ooo),/home/sdc/gem5-fi/runs/pwf_v11_fpu_modes_pilot
pwf_v11_fpu_pilot,fsu,transient_bit_flip,SE,C0,fpu,100,100,0,0,100,0,0,0,0,1.0000,0.0000,0.9630,1.0000,n_valid(ooo),/home/sdc/gem5-fi/runs/pwf_v11_fpu_pilot
pwf_v11_fpu_recurring_pilot,fsu,recurring_result_stuck,SE,C0,recurring,100,100,0,0,100,0,0,0,0,1.0000,0.0000,0.9630,1.0000,n_valid(ooo),/home/sdc/gem5-fi/runs/pwf_v11_fpu_recurring_pilot
pwf_v11_fpu_svd_formal,fsu,transient_bit_flip,SE,C0,svd,768,768,0,0,674,0,0,94,0,0.8776,0.0000,0.8525,0.8989,n_valid(ooo),/home/sdc/gem5-fi/runs/pwf_v11_fpu_svd_formal
pwf_v11_l2_formal,l2,transient_bit_flip,SE,C0-CACHE,l2,384,384,0,0,188,0,0,196,0,0.4896,0.0000,0.4399,0.5394,n_valid(ooo),/home/sdc/gem5-fi/runs/pwf_v11_l2_formal
pwf_v11_l2_pilot,l2,transient_bit_flip,SE,C0-CACHE,l2,100,100,0,0,49,0,0,51,0,0.4900,0.0000,0.3942,0.5865,n_valid(ooo),/home/sdc/gem5-fi/runs/pwf_v11_l2_pilot
pwf_v11_l2_size_sweep,l2,transient_bit_flip,SE,C0-CACHE,sweep,384,384,0,0,194,0,0,190,0,0.5052,0.0000,0.4554,0.5549,n_valid(ooo),/home/sdc/gem5-fi/runs/pwf_v11_l2_size_sweep
pwf_v11_rob_specleak_depth,rat,intermittent_burst,SE,C2,depth,384,372,12,0,29,54,0,289,12,0.0780,0.1452,0.0548,0.1097,n_valid(ooo),/home/sdc/gem5-fi/runs/pwf_v11_rob_specleak_depth
pwf_v11_rob_specleak_formal,rat,intermittent_burst,SE,C0,specleak,384,249,135,0,20,0,0,229,135,0.0803,0.0000,0.0526,0.1208,n_valid(ooo),/home/sdc/gem5-fi/runs/pwf_v11_rob_specleak_formal
pwf_v11_rob_specleak_pilot,rat,intermittent_burst,SE,C0,specleak,100,93,7,0,13,0,0,80,7,0.1398,0.0000,0.0835,0.2246,n_valid(ooo),/home/sdc/gem5-fi/runs/pwf_v11_rob_specleak_pilot
pwf_v12_bpu_ras_pilot,bpu,delay_omission,SE,C0,ras,100,100,0,0,0,0,0,100,0,0.0000,0.0000,0.0000,0.0370,n_valid(ooo),/home/sdc/gem5-fi/runs/pwf_v12_bpu_ras_pilot
pwf_v12_bpu_target_pilot,bpu,local_mbu,SE,C0,target,100,100,0,0,0,0,0,100,0,0.0000,0.0000,0.0000,0.0370,n_valid(ooo),/home/sdc/gem5-fi/runs/pwf_v12_bpu_target_pilot
pwf_v12_dram_ecc_pilot,memory,transient_bit_flip,SE,C0,ecc,200,200,0,0,87,0,0,113,0,0.4350,0.0000,0.3682,0.5043,n_valid(ooo),/home/sdc/gem5-fi/runs/pwf_v12_dram_ecc_pilot
pwf_v12_dram_ecclogic_pilot,memory,transient_bit_flip,SE,C0,ecclogic,100,100,0,0,85,0,0,15,0,0.8500,0.0000,0.7672,0.9069,n_valid(ooo),/home/sdc/gem5-fi/runs/pwf_v12_dram_ecclogic_pilot
pwf_v12_exec_chol_pilot,exec,transient_bit_flip,SE,C0,chol,100,99,0,1,10,52,0,37,1,0.1010,0.5253,0.0558,0.1760,n_valid(ooo),/home/sdc/gem5-fi/runs/pwf_v12_exec_chol_pilot
pwf_v12_exec_formal,exec,transient_bit_flip,SE,C0,exec,768,768,0,0,267,461,0,40,0,0.3477,0.6003,0.3148,0.3820,n_valid(ooo),/home/sdc/gem5-fi/runs/pwf_v12_exec_formal
pwf_v12_exec_pilot,exec,transient_bit_flip,SE,C0,exec,200,200,0,0,68,120,0,12,0,0.3400,0.6000,0.2779,0.4081,n_valid(ooo),/home/sdc/gem5-fi/runs/pwf_v12_exec_pilot
pwf_v12_iq_formal,iq,transient_bit_flip,SE,C0,iq,384,384,0,0,0,0,244,140,244,0.0000,0.6354,0.0000,0.0099,n_valid(ooo),/home/sdc/gem5-fi/runs/pwf_v12_iq_formal
pwf_v12_iq_omit_pilot,iq,transient_bit_flip,SE,C0,omit,100,100,0,0,0,0,58,42,58,0.0000,0.5800,0.0000,0.0370,n_valid(ooo),/home/sdc/gem5-fi/runs/pwf_v12_iq_omit_pilot
pwf_v12_iq_pilot,iq,legal_domain_sub,SE,C0,iq,200,200,0,0,0,0,0,200,0,0.0000,0.0000,0.0000,0.0188,n_valid(ooo),/home/sdc/gem5-fi/runs/pwf_v12_iq_pilot
pwf_v12_l1i_fields_pilot,l1i,transient_bit_flip,SE,C0-CACHE,fields,1200,1197,0,3,2,2,1,1192,1,0.0017,0.0025,0.0005,0.0061,n_valid(ooo),/home/sdc/gem5-fi/runs/pwf_v12_l1i_fields_pilot
pwf_v12_l2_arms_formal,l2,transient_bit_flip,SE,C0-CACHE,arms,768,757,0,11,191,4,0,562,0,0.2523,0.0053,0.2227,0.2845,n_valid(ooo),/home/sdc/gem5-fi/runs/pwf_v12_l2_arms_formal
pwf_v12_l2_arms_pilot,l2,transient_bit_flip,SE,C0-CACHE,arms,400,395,0,5,131,0,0,264,0,0.3316,0.0000,0.2870,0.3795,n_valid(ooo),/home/sdc/gem5-fi/runs/pwf_v12_l2_arms_pilot
pwf_v12_l2_victim_pilot,l2,transient_bit_flip,SE,C0-CACHE,victim,100,100,0,0,53,0,0,47,0,0.5300,0.0000,0.4329,0.6249,n_valid(ooo),/home/sdc/gem5-fi/runs/pwf_v12_l2_victim_pilot
pwf_v12_prf_x3_formal,physreg,transient_bit_flip,SE,C2,x3,768,768,0,0,768,0,0,0,0,1.0000,0.0000,0.9950,1.0000,n_valid(ooo),/home/sdc/gem5-fi/runs/pwf_v12_prf_x3_formal
pwf_v12_specleak_x10_c2_formal,rat,intermittent_burst,SE,C2,c2,384,372,12,0,22,42,0,308,12,0.0591,0.1129,0.0394,0.0879,n_valid(ooo),/home/sdc/gem5-fi/runs/pwf_v12_specleak_x10_c2_formal
pwf_v12_specleak_x10_formal,rat,intermittent_burst,SE,C0,x10,384,368,16,0,55,0,0,313,16,0.1495,0.0000,0.1167,0.1895,n_valid(ooo),/home/sdc/gem5-fi/runs/pwf_v12_specleak_x10_formal
pwf_v13_bpu_formal,bpu,local_mbu,SE,C0,bpu,768,768,0,0,0,0,0,768,0,0.0000,0.0000,0.0000,0.0050,n_valid(ooo),/home/sdc/gem5-fi/runs/pwf_v13_bpu_formal
pwf_v13_dram_c2_formal,memory,transient_bit_flip,SE,C2,c2,384,384,0,0,116,0,0,268,0,0.3021,0.0000,0.2583,0.3498,n_valid(ooo),/home/sdc/gem5-fi/runs/pwf_v13_dram_c2_formal
pwf_v13_dram_ecclogic_formal,memory,transient_bit_flip,SE,C0,ecclogic,384,384,0,0,320,0,0,64,0,0.8333,0.0000,0.7928,0.8673,n_valid(ooo),/home/sdc/gem5-fi/runs/pwf_v13_dram_ecclogic_formal
pwf_v13_exec_c2_formal,exec,transient_bit_flip,SE,C2,c2,384,384,0,0,0,200,0,184,0,0.0000,0.5208,0.0000,0.0099,n_valid(ooo),/home/sdc/gem5-fi/runs/pwf_v13_exec_c2_formal
pwf_v13_exec_chol_formal,exec,transient_bit_flip,SE,C0,chol,384,380,0,4,33,196,0,151,1,0.0868,0.5158,0.0625,0.1195,n_valid(ooo),/home/sdc/gem5-fi/runs/pwf_v13_exec_chol_formal
pwf_v13_fpu_svd_c2_formal,fsu,transient_bit_flip,SE,C2,c2,768,768,0,0,734,0,0,34,0,0.9557,0.0000,0.9388,0.9681,n_valid(ooo),/home/sdc/gem5-fi/runs/pwf_v13_fpu_svd_c2_formal
pwf_v13_l1i_formal,l1i,transient_bit_flip,SE,C0-CACHE,l1i,768,763,0,5,2,4,0,757,1,0.0026,0.0052,0.0007,0.0095,n_valid(ooo),/home/sdc/gem5-fi/runs/pwf_v13_l1i_formal
pwf_v13_l3_paired_pilot,l2,transient_bit_flip,SE,C0-CACHE,paired,100,100,0,0,0,0,0,100,0,0.0000,0.0000,0.0000,0.0370,n_valid(ooo),/home/sdc/gem5-fi/runs/pwf_v13_l3_paired_pilot
pwf_v13_lane_pilot,physreg,transient_bit_flip,SE,C0,lane,400,400,0,0,0,0,0,400,0,0.0000,0.0000,0.0000,0.0095,n_valid(ooo),/home/sdc/gem5-fi/runs/pwf_v13_lane_pilot
ras_formal_cholesky,ras,transient_bit_flip,SE,C2,cholesky,384,357,24,3,0,0,0,357,24,0.0000,0.0000,0.0000,0.0106,n_valid(ooo),/home/sdc/gem5-fi/runs/ras_formal_cholesky
ras_regchain_pilot,memory,transient_bit_flip,SE,C0,regchain,5,5,0,0,0,0,0,5,0,0.0000,0.0000,0.0000,0.4345,n_valid(ooo),/home/sdc/gem5-fi/runs/ras_regchain_pilot
rat_cholesky_pilot,rat,transient_bit_flip,SE,C0,cholesky,6,6,0,0,0,2,0,4,0,0.0000,0.3333,0.0000,0.3903,n_valid(ooo),/home/sdc/gem5-fi/runs/rat_cholesky_pilot
rat_f5_formal_cholesky,rat,legal_domain_sub,SE,C2,f5,768,761,0,7,0,219,8,534,8,0.0000,0.2983,0.0000,0.0050,n_valid(ooo),/home/sdc/gem5-fi/runs/rat_f5_formal_cholesky
rat_formal_cholesky,rat,transient_bit_flip,SE,C2,cholesky,768,767,0,1,1,308,59,399,59,0.0013,0.4785,0.0002,0.0073,n_valid(ooo),/home/sdc/gem5-fi/runs/rat_formal_cholesky
rob_cholesky_pilot,rat,transient_bit_flip,SE,C0,cholesky,5,5,0,0,0,0,0,5,0,0.0000,0.0000,0.0000,0.4345,n_valid(ooo),/home/sdc/gem5-fi/runs/rob_cholesky_pilot
rob_formal_cholesky,rob,transient_bit_flip,SE,C2,cholesky,384,384,0,0,0,0,0,384,0,0.0000,0.0000,0.0000,0.0099,n_valid(ooo),/home/sdc/gem5-fi/runs/rob_formal_cholesky
specleak_branchy_pilot,rat,intermittent_burst,SE,C2,branchy,5,5,0,0,0,0,0,5,0,0.0000,0.0000,0.0000,0.4345,n_valid(ooo),/home/sdc/gem5-fi/runs/specleak_branchy_pilot
specleak_formal_branchy,rat,intermittent_burst,SE,C2,branchy,768,724,44,0,0,0,0,724,44,0.0000,0.0000,0.0000,0.0053,n_valid(ooo),/home/sdc/gem5-fi/runs/specleak_formal_branchy
specleak_formal_x19,rat,intermittent_burst,SE,C2,x19,384,0,384,0,0,0,0,0,384,n/a,n/a,0.0000,0.0000,n_valid(ooo),/home/sdc/gem5-fi/runs/specleak_formal_x19
sysreg_f5_pilot,sysreg,legal_domain_sub,FS,C0-FS,f5,10,10,0,0,0,0,0,10,0,0.0000,0.0000,0.0000,0.2775,n_valid(ooo),/home/sdc/gem5-fi/runs/sysreg_f5_pilot
tlbf5_formal_fs,l1_tlb,legal_domain_sub,FS,C0-FS,fs,384,384,0,0,0,0,0,384,0,0.0000,0.0000,0.0000,0.0099,n_valid(ooo),/home/sdc/gem5-fi/runs/tlbf5_formal_fs
tlbf5_pilot,l1_tlb,legal_domain_sub,FS,C0-FS,pilot,2,2,0,0,0,0,0,2,0,0.0000,0.0000,0.0000,0.6576,n_valid(ooo),/home/sdc/gem5-fi/runs/tlbf5_pilot
w23-toy-bm-rat,rat,transient_bit_flip,SE,C3,w23-toy-bm-rat,2,2,0,0,1,1,0,0,0,0.5000,0.5000,0.0945,0.9055,n_valid(ooo),/home/sdc/gem5-fi/runs/w23-toy-bm-rat
w23-toy-bm-rat.eofbug,rat,transient_bit_flip,SE,C3,w23-toy-bm-rat.eofbug,2,2,0,0,1,1,0,0,0,0.5000,0.5000,0.0945,0.9055,n_valid(ooo),/home/sdc/gem5-fi/runs/w23-toy-bm-rat.eofbug
w23-toy-bm-rat.race1,rat,transient_bit_flip,SE,C3,w23-toy-bm-rat.race1,2,2,0,0,1,1,0,0,0,0.5000,0.5000,0.0945,0.9055,n_valid(ooo),/home/sdc/gem5-fi/runs/w23-toy-bm-rat.race1
w23-toy-smoke-prf,physreg,transient_bit_flip,SE,C3,w23-toy-smoke-prf,3,3,0,0,0,0,0,3,0,0.0000,0.0000,0.0000,0.5615,n_valid(ooo),/home/sdc/gem5-fi/runs/w23-toy-smoke-prf
w23-toy-smoke-prf-mb,physreg,transient_bit_flip,SE,C3,w23-toy-smoke-prf-mb,3,3,0,0,0,0,0,3,0,0.0000,0.0000,0.0000,0.5615,n_valid(ooo),/home/sdc/gem5-fi/runs/w23-toy-smoke-prf-mb
