rep,seed,fails,class
0,20260825,0,Masked
1,20260826,0,Masked
2,20260827,0,Masked
3,20260828,0,Masked
4,20260829,0,Masked
5,20260830,0,Masked
6,20260831,0,Masked
7,20260832,0,Masked
8,20260833,0,Masked
9,20260834,0,Masked
10,20260835,0,Masked
11,20260836,0,Masked
12,20260837,0,Masked
13,20260838,0,Masked
14,20260839,0,Masked
15,20260840,0,Masked
16,20260841,0,Masked
17,20260842,0,Masked
18,20260843,0,Masked
19,20260844,0,Masked
20,20260845,0,Masked
21,20260846,0,Masked
22,20260847,0,Masked
23,20260848,0,Masked
24,20260849,0,Masked
25,20260850,0,Masked
26,20260851,0,Masked
27,20260852,0,Masked
28,20260853,0,Masked
29,20260854,0,Masked
30,20260855,0,Masked
31,20260856,0,Masked
32,20260857,0,Masked
33,20260858,0,Masked
34,20260859,0,Masked
35,20260860,0,Masked
36,20260861,0,Masked
37,20260862,0,Masked
38,20260863,0,Masked
39,20260864,0,Masked
40,20260865,0,Masked
41,20260866,0,Masked
42,20260867,0,Masked
43,20260868,0,Masked
44,20260869,0,Masked
45,20260870,0,Masked
46,20260871,0,Masked
47,20260872,0,Masked
48,20260873,0,Masked
49,20260874,0,Masked
50,20260875,0,Masked
51,20260876,0,Masked
52,20260877,0,Masked
53,20260878,0,Masked
54,20260879,0,Masked
55,20260880,0,Masked
56,20260881,0,Masked
57,20260882,0,Masked
58,20260883,0,Masked
59,20260884,0,Masked
60,20260885,0,Masked
61,20260886,0,Masked
62,20260887,0,Masked
63,20260888,0,Masked
