workload	run	hash	simTicks	wall_s
mini_check	g1	07568da9f3ad5665	19686975	61
mini_check	g2	07568da9f3ad5665	19686975	60
mini_check	g3	07568da9f3ad5665	19686975	61
agu_addrmodes	g1	728e604ffcec539d	19395530	60
agu_addrmodes	g2	728e604ffcec539d	19395530	61
agu_addrmodes	g3	728e604ffcec539d	19395530	60
sq_forward	g1	1f4cbf14327717df	18895415	61
sq_forward	g2	1f4cbf14327717df	18895415	60
sq_forward	g3	1f4cbf14327717df	18895415	60
cache_dirtyevict	g1	062e5124df3667f9	58307480	61
cache_dirtyevict	g2	062e5124df3667f9	58307480	60
cache_dirtyevict	g3	062e5124df3667f9	58307480	61
prefetch_stride	g1	629727c0ad9ca8ef	108040240	60
prefetch_stride	g2	629727c0ad9ca8ef	108040240	61
prefetch_stride	g3	629727c0ad9ca8ef	108040240	60
stream_chase	g1	50ab96a7fe8f6ec2	249966255	61
stream_chase	g2	50ab96a7fe8f6ec2	249966255	60
stream_chase	g3	50ab96a7fe8f6ec2	249966255	60
beebs_kernels	g1	a10b9827edd8a9fb	149402715	61
beebs_kernels	g2	a10b9827edd8a9fb	149402715	60
beebs_kernels	g3	a10b9827edd8a9fb	149402715	61
gap_bfs	g1	030921682b3731f2	320101705	60
gap_bfs	g2	030921682b3731f2	320101705	61
gap_bfs	g3	030921682b3731f2	320101705	60
sqlite_like	g1	33f836327a416d35	79221450	61
sqlite_like	g2	33f836327a416d35	79221450	60
sqlite_like	g3	33f836327a416d35	79221450	61
