Excel行,模型ID,单元,注入位置（结构与正常作用）,故障类型,故障模型（实施步骤与激活口径）,适用频率,适用负载（真实名称）,事件触发条件,传播链重点观测,预期结果（待验证假设）,设计理由,文献依据/直接性
2,A01,AGU,AGU 计算完成后的有效地址（EA）流水寄存器。它位于 base/index/offset 运算之后、L1 d-TLB 地址翻译之前，保存本条 load/store 将要访问的虚拟地址；此处出错会沿 d-TLB、L1D 和最终 load/store 结果继续传播。,单比特翻转,在完成地址加法后、送入DTLB前随机翻转EA的1 bit；地址位按低/中/高三段分层抽样。实施细则：每次故障运行只选一个当前有效且可被后续使用的目标，在指定字段内均匀抽取一个 bit 做一次 XOR 翻转；其余字段保持无故障值。保存目标 entry/way、bit 编号、原值和故障值，避免把未使用空项计为有效样本。激活口径：仅当“任一已完成地址生成”且故障值被下游实际读取、选择或消费时计为 activated；否则归入 Injected-not-activated。,F0 / F1 / F2,"AGU-AddrModes AArch64 寻址模式探针（base+imm、base+index、扩展/移位、pre/post-index、LDP/STP）
GAP/Graph500 子集（BFS、SSSP、PageRank，固定图与结果哈希）",任一已完成地址生成,L0 eligible/activated；L1 正确EA与故障EA、base/index/extend/shift、size/byte-enable；L2 TLB输入VA与cache request；L3 load返回/store落点；L4 commit首分歧；L5输出/Crash/Timeout；记录bit区间、地址是否仍在同一对象/页、首次错误load/store,高位翻转多为异常/Crash；低位在合法对象内时易形成错误元素访问并产生SDC,覆盖最基本瞬态；分层采样避免高位地址异常掩盖低位静默路径,无直接AGU注入；仅同机制类比DTLB地址错误
3,A02,AGU,AGU 计算完成后的有效地址（EA）流水寄存器。它位于地址加法/移位逻辑的出口、L1 d-TLB 的入口；双比特模型仍只作用于这一条地址，不同时破坏访问大小或请求类型。,双比特翻转,同一EA内同时翻转2 bit；50%相邻、50%非相邻，避免只覆盖单一MBU空间。实施细则：每次故障运行只选一个有效结构项，在同一字段内同时异或两个不同 bit；相邻位与非相邻位分层各占一半，并记录两个 bit 的编号、距离、原值和故障值。两个 bit 必须在同一个微架构事件生效，不与其他字段故障叠加。激活口径：仅当“任一已完成地址生成”且故障值被下游实际读取、选择或消费时计为 activated；否则归入 Injected-not-activated。,F0 / F2,"AGU-AddrModes AArch64 寻址模式探针（base+imm、base+index、扩展/移位、pre/post-index、LDP/STP）
GAP/Graph500 子集（BFS、SSSP、PageRank，固定图与结果哈希）",任一已完成地址生成,L0 eligible/activated；L1 正确EA与故障EA、base/index/extend/shift、size/byte-enable；L2 TLB输入VA与cache request；L3 load返回/store落点；L4 commit首分歧；L5输出/Crash/Timeout；记录两bit距离、对齐状态、页/对象越界,相邻低位可能形成稳定错位；含高位时Crash上升；与A01比较SDC/Crash极化,显式覆盖MBU并区分物理邻近与逻辑分散,CHAOS多比特结果作规律性类比
4,A03,AGU,AGU 地址加法器的 EA 输出总线/输出位。每条 load/store 完成“基址+偏移或索引”后都会经过这里；某一位卡死会让多条后续访存地址形成重复的固定偏差，而不是只影响一个队列表项。,卡死,选一个EA bit实施stuck-at-0或stuck-at-1，warm-up后每次地址生成均施加。实施细则：在 warm-up 后固定一个物理 bit、lane 或控制位置，并独立执行 stuck-at-0 与 stuck-at-1 两个 campaign；之后每次读出/写入都施加同一掩码直到运行结束。若某次事件的正确值本来就等于卡死值，该次不增加 activated。激活口径：仅当“首个AGU事件后持续”且故障值被下游实际读取、选择或消费时计为 activated；否则归入 Injected-not-activated。,F5,"AGU-AddrModes AArch64 寻址模式探针（base+imm、base+index、扩展/移位、pre/post-index、LDP/STP）
STREAM+PointerChase（Copy、Scale、Add、Triad 与随机指针链）",首个AGU事件后持续,L0 eligible/activated；L1 正确EA与故障EA、base/index/extend/shift、size/byte-enable；L2 TLB输入VA与cache request；L3 load返回/store落点；L4 commit首分歧；L5输出/Crash/Timeout；按bit统计地址碰撞率、唯一地址数、store覆盖热点,低位卡死表现为周期性地址折叠；高位通常快速Crash；可能出现重复写同一元素的稳定SDC,永久数据通路故障会跨多次访问形成有规律的地址别名,无直接文献
5,A04,AGU,AGU 输出的完整 EA 及其对应的软件对象范围。这里不是另一个硬件表，而是在 AGU→d-TLB 边界把正确地址替换为同一已分配对象或同一映射页中的另一合法地址，用于研究“地址合法但对象/元素错误”。,换值,把EA替换成同一已分配对象或同页内另一个对齐合法地址；禁止替换成未映射地址。实施细则：不生成任意随机位串，而是从当前运行中选择另一个满足对齐、范围、编码和生命周期约束的合法值；保存 source/target 及候选集合。每次运行只替换一个字段或一个选择结果，非法候选、空闲项和已经释放的事务不得使用。激活口径：仅当“地址属于带oracle对象时”且故障值被下游实际读取、选择或消费时计为 activated；否则归入 Injected-not-activated。,F0 / F2 / F6,"AGU-AddrModes AArch64 寻址模式探针（base+imm、base+index、扩展/移位、pre/post-index、LDP/STP）
MiniCheck 最小正确性探针（数组校验和、guard page、指针链、load/store round-trip）",地址属于带oracle对象时,L0 eligible/activated；L1 正确EA与故障EA、base/index/extend/shift、size/byte-enable；L2 TLB输入VA与cache request；L3 load返回/store落点；L4 commit首分歧；L5输出/Crash/Timeout；记录替代距离、是否同cache line、错误值扇出,预期SDC显著高于随机翻转，因为绕开地址异常与页故障,专门检验“合法但错误地址”这一随机翻转难命中的路径,本方案结构化模型
6,A05,AGU,AGU 的寻址操作数选择与预处理控制，包括 base/index 选择、UXTW/SXTW 扩展、LSL 移位以及 pre-index/post-index 的基址更新方式。这些控制信号决定参与地址加法的值和基址何时写回。,错位拼接,互换base与index；SXTW↔UXTW；shift量替换为另一合法值；pre-index↔post-index仅改变更新时点。实施细则：保持各输入片段本身不变，只修改片段来源、顺序、移位量或拼接选择，使结果仍是完整位串；交换、循环移位、清零和读旧值必须作为独立子模型统计。每次运行只启用一种拼接规则，记录每个输出字节/子字段的真实来源。激活口径：仅当“命中对应AArch64寻址模式”且故障值被下游实际读取、选择或消费时计为 activated；否则归入 Injected-not-activated。,F0 / F2 / F6,AGU-AddrModes AArch64 寻址模式探针（base+imm、base+index、扩展/移位、pre/post-index、LDP/STP）,命中对应AArch64寻址模式,L0 eligible/activated；L1 正确EA与故障EA、base/index/extend/shift、size/byte-enable；L2 TLB输入VA与cache request；L3 load返回/store落点；L4 commit首分歧；L5输出/Crash/Timeout；记录寻址模式、基址写回值、错误潜伏提交数,地址仍合法时高SDC；符号扩展和更新时点错误可能在数十条指令后才显现,对应AGU真正的操作数选择和扩展逻辑，而非泛化位翻转,无直接文献
7,A06,AGU,AGU/LSU 随访存请求生成的 access-size 与 byte-enable 字段。access-size 表示本次访问是 1/2/4/8/16B，byte-enable 指定 cache line 中哪些字节真正读写；地址正确但这些字段错误仍会造成截断、越界字节或部分写。,状态,把1/2/4/8/16B size或byte-enable替换为另一合法组合；保持地址不变。实施细则：一次运行只改变一个状态位或一种状态转换；清零、伪造、提前置位和延后清除分别统计，不在同一样本叠加。注入前后记录状态机轨迹与关联 instruction/transaction，检查是否破坏占用、唯一性或顺序不变量。激活口径：仅当“子字节或向量访存”且故障值被下游实际读取、选择或消费时计为 activated；否则归入 Injected-not-activated。,F0 / F2 / F6,"AGU-AddrModes AArch64 寻址模式探针（base+imm、base+index、扩展/移位、pre/post-index、LDP/STP）
SQ-Forward 转发探针（同地址/部分重叠 store-to-load forwarding、字节掩码、alias、replay）",子字节或向量访存,L0 eligible/activated；L1 正确EA与故障EA、base/index/extend/shift、size/byte-enable；L2 TLB输入VA与cache request；L3 load返回/store落点；L4 commit首分歧；L5输出/Crash/Timeout；逐字节store日志、相邻字节canary、load扩展方式,partial store最易静默污染相邻字节；load可能表现为截断/符号扩展错误,地址正确并不保证写入范围正确；这是AGU/LSU控制路径的高价值结构化故障,本方案结构化模型
8,A07,AGU,AGU 结果的 address-ready 握手信号与 EA 流水锁存器。ready 告诉下游“本条地址已经可用”，锁存器保存跨周期的 EA；提前 ready 可能让下游读到上一拍旧地址，延后或丢失 ready 会造成停顿或请求丢失。,时序,提前1周期置ready读取旧EA，或延后1周期/丢失一次ready；不改变值本身。实施细则：绑定一条明确的 dynamic instruction 或 transaction ID，只改变一次事件的发生周期或次数；提前、延后、丢失和重复必须分成独立子模型。数据载荷保持正确，以便把结果归因于握手/完成时序而不是数据翻转。激活口径：仅当“连续相关访存”且故障值被下游实际读取、选择或消费时计为 activated；否则归入 Injected-not-activated。,F0 / F4 / F6,"AGU-AddrModes AArch64 寻址模式探针（base+imm、base+index、扩展/移位、pre/post-index、LDP/STP）
SQ-Forward 转发探针（同地址/部分重叠 store-to-load forwarding、字节掩码、alias、replay）",连续相关访存,L0 eligible/activated；L1 正确EA与故障EA、base/index/extend/shift、size/byte-enable；L2 TLB输入VA与cache request；L3 load返回/store落点；L4 commit首分歧；L5输出/Crash/Timeout；旧EA命中率、stall/replay、请求重复/丢失,提前最危险，可能复用上一条EA并SDC；延后多为性能下降或Timeout,覆盖小延迟故障映射到状态事件的后果,MICRO'24 DelayAVF提供时延故障方法论，非直接AGU结果
9,A08,AGU,AGU 到 Load Queue、Store Queue 和 cache 端口之间的请求类型/端口路由。该逻辑把已生成的 EA 绑定到正确的动态指令，并区分 load 与 store；路由错会使合法地址附着到错误请求或错误端口。,换值,保持EA合法，但把请求路由到错误的load/store通道或交换两条同周期请求的EA。实施细则：不生成任意随机位串，而是从当前运行中选择另一个满足对齐、范围、编码和生命周期约束的合法值；保存 source/target 及候选集合。每次运行只替换一个字段或一个选择结果，非法候选、空闲项和已经释放的事务不得使用。激活口径：仅当“同周期存在load与store”且故障值被下游实际读取、选择或消费时计为 activated；否则归入 Injected-not-activated。,F0 / F2 / F6,"AGU-AddrModes AArch64 寻址模式探针（base+imm、base+index、扩展/移位、pre/post-index、LDP/STP）
SQ-Forward 转发探针（同地址/部分重叠 store-to-load forwarding、字节掩码、alias、replay）",同周期存在load与store,L0 eligible/activated；L1 正确EA与故障EA、base/index/extend/shift、size/byte-enable；L2 TLB输入VA与cache request；L3 load返回/store落点；L4 commit首分歧；L5输出/Crash/Timeout；记录请求ID、dynInst、端口、EA映射一致性,交换两条合法EA可能通过检查并产生数据/内存SDC；非法路由多触发断言,B0有独立Load FU和Store FU，需覆盖路由选择而非虚构双load端口,无直接文献
10,T01,L1d-TLB,L1 d-TLB 表项的 VPN tag（Virtual Page Number 标签）。查 TLB 时用当前虚拟页号和 ASID 与它比较；tag 错误会产生本应命中的 miss，或更危险的错误命中另一条翻译。,单比特翻转,随机选有效表项的VPN tag翻转1 bit；只在注入后再次命中才计activated。实施细则：每次故障运行只选一个当前有效且可被后续使用的目标，在指定字段内均匀抽取一个 bit 做一次 XOR 翻转；其余字段保持无故障值。保存目标 entry/way、bit 编号、原值和故障值，避免把未使用空项计为有效样本。激活口径：仅当“DTLB中存在有效项”且故障值被下游实际读取、选择或消费时计为 activated；否则归入 Injected-not-activated。,F0 / F1 / F2,"MiBench-TC23 论文负载（blowfish、patricia、fft、gsm、dijkstra、rijndael、sha、bitcount、edge、smooth）
TLB-AliasPerm 地址翻译探针（4KiB/2MiB 页、ASID、同VA不同PA、权限、TLBI、跨页访问）",DTLB中存在有效项,L0 表项是否被命中；L1 VPN/ASID/PPN/权限/valid与多命中；L2 walk/refill/TLBI、送cache的PA；L3 cache行与异常；L4 commit首分歧/错误页访问；L5结局；错hit/miss、walk后是否自愈、错误PA,多为miss/walk或错误命中；TC'23表明DTLB非benign中SDC可达22.2%,直接复现文献型瞬态并加入生命周期分母,TC'22、TC'23直接对照
11,T02,L1d-TLB,L1 d-TLB 表项中的 PPN（Physical Page Number，物理页号）翻译数据。VPN/ASID 命中后，PPN 与页内偏移拼成送往 L1D 的物理地址；这里不包含权限位。,双比特翻转,PPN内同时翻转2 bit，邻近/非邻近各半；权限位不动。实施细则：每次故障运行只选一个有效结构项，在同一字段内同时异或两个不同 bit；相邻位与非相邻位分层各占一半，并记录两个 bit 的编号、距离、原值和故障值。两个 bit 必须在同一个微架构事件生效，不与其他字段故障叠加。激活口径：仅当“有效表项且后续复用”且故障值被下游实际读取、选择或消费时计为 activated；否则归入 Injected-not-activated。,F0 / F2,"MiBench-TC23 论文负载（blowfish、patricia、fft、gsm、dijkstra、rijndael、sha、bitcount、edge、smooth）
TLB-AliasPerm 地址翻译探针（4KiB/2MiB 页、ASID、同VA不同PA、权限、TLBI、跨页访问）",有效表项且后续复用,L0 表项是否被命中；L1 VPN/ASID/PPN/权限/valid与多命中；L2 walk/refill/TLBI、送cache的PA；L3 cache行与异常；L4 commit首分歧/错误页访问；L5结局；PA距离、是否命中有效DRAM/设备区、异常类型,比单bit更易进入未映射PA而Crash；同物理对象别名时可能SDC,补足文献主要未覆盖的MBU,TC'23单bit基线；CHAOS多bit规律类比
12,T03,L1d-TLB,L1 d-TLB 的 PPN 读出通路中的一个固定物理位。与 T02 的一次性双翻转不同，卡死模型在每次读出翻译时都强制该位为 0 或 1，因此 refill 后仍可能再次表现同样错误。,卡死,选PPN某bit stuck-at-0/1，对每次TLB读出施加同一掩码。实施细则：在 warm-up 后固定一个物理 bit、lane 或控制位置，并独立执行 stuck-at-0 与 stuck-at-1 两个 campaign；之后每次读出/写入都施加同一掩码直到运行结束。若某次事件的正确值本来就等于卡死值，该次不增加 activated。激活口径：仅当“首个DTLB hit后持续”且故障值被下游实际读取、选择或消费时计为 activated；否则归入 Injected-not-activated。,F5,"TLB-AliasPerm 地址翻译探针（4KiB/2MiB 页、ASID、同VA不同PA、权限、TLBI、跨页访问）
GAP/Graph500 子集（BFS、SSSP、PageRank，固定图与结果哈希）",首个DTLB hit后持续,L0 表项是否被命中；L1 VPN/ASID/PPN/权限/valid与多命中；L2 walk/refill/TLBI、送cache的PA；L3 cache行与异常；L4 commit首分歧/错误页访问；L5结局；按VA聚合错误PA、别名矩阵、TLB refill后是否仍错,重复访问会形成稳定物理别名；高位常Crash，低位可能跨页静默读写,永久翻译故障与单次瞬态的传播不同,无直接永久DTLB结果
13,T04,L1d-TLB,L1 d-TLB 的整条 VA→PA 映射关系，重点是命中项的 PPN。模型保持 VPN、ASID、页大小和权限编码合法，只把目标物理页换成另一已映射数据页，以排除普通 page fault 的干扰。,换值,将命中项的PPN换成另一个当前合法、相同页大小的PPN；VPN/ASID保持一致。实施细则：不生成任意随机位串，而是从当前运行中选择另一个满足对齐、范围、编码和生命周期约束的合法值；保存 source/target 及候选集合。每次运行只替换一个字段或一个选择结果，非法候选、空闲项和已经释放的事务不得使用。激活口径：仅当“同时存在两个已映射数据页”且故障值被下游实际读取、选择或消费时计为 activated；否则归入 Injected-not-activated。,F0 / F2 / F6,TLB-AliasPerm 地址翻译探针（4KiB/2MiB 页、ASID、同VA不同PA、权限、TLBI、跨页访问）,同时存在两个已映射数据页,L0 表项是否被命中；L1 VPN/ASID/PPN/权限/valid与多命中；L2 walk/refill/TLBI、送cache的PA；L3 cache行与异常；L4 commit首分歧/错误页访问；L5结局；记录源/目标页oracle、错误访问方向、TLBI恢复,预期比随机PPN翻转更高SDC，且不触发页故障,构造合法映射以测静默上限,本方案结构化模型
14,T05,L1d-TLB,L1 d-TLB 表项的身份与生命周期状态：valid 决定表项是否可命中，global 决定是否忽略 ASID，ASID 区分地址空间。它们错误时可能产生额外 page walk、陈旧翻译或跨地址空间命中。,状态,valid清零/伪造；global翻转；ASID替换为另一活跃ASID；每次只改一种状态。实施细则：一次运行只改变一个状态位或一种状态转换；清零、伪造、提前置位和延后清除分别统计，不在同一样本叠加。注入前后记录状态机轨迹与关联 instruction/transaction，检查是否破坏占用、唯一性或顺序不变量。激活口径：仅当“ASID切换或TLBI前后”且故障值被下游实际读取、选择或消费时计为 activated；否则归入 Injected-not-activated。,F0 / F2 / F6,TLB-AliasPerm 地址翻译探针（4KiB/2MiB 页、ASID、同VA不同PA、权限、TLBI、跨页访问）,ASID切换或TLBI前后,L0 表项是否被命中；L1 VPN/ASID/PPN/权限/valid与多命中；L2 walk/refill/TLBI、送cache的PA；L3 cache行与异常；L4 commit首分歧/错误页访问；L5结局；stale translation使用次数、TLBI后残留、跨ASID命中,valid清零多为额外walk；伪造valid或错ASID可能跨地址空间SDC/安全违规,覆盖表项身份与生命周期，而不只数据位,TC'23未细分字段
15,T06,L1d-TLB,L1 d-TLB 表项的访问属性控制字段：AP 是读写权限，XN 是禁止执行属性，AttrIndx 选择内存类型，页大小决定 VPN/PPN 与页内偏移如何拼接。它们不改变 PPN 本身，但改变访问是否合法以及地址如何解释。,换值,替换为另一合法权限/内存类型/页大小编码；PPN不变。实施细则：不生成任意随机位串，而是从当前运行中选择另一个满足对齐、范围、编码和生命周期约束的合法值；保存 source/target 及候选集合。每次运行只替换一个字段或一个选择结果，非法候选、空闲项和已经释放的事务不得使用。激活口径：仅当“访问权限边界或不同memory attribute页”且故障值被下游实际读取、选择或消费时计为 activated；否则归入 Injected-not-activated。,F0 / F2 / F6,TLB-AliasPerm 地址翻译探针（4KiB/2MiB 页、ASID、同VA不同PA、权限、TLBI、跨页访问）,访问权限边界或不同memory attribute页,L0 表项是否被命中；L1 VPN/ASID/PPN/权限/valid与多命中；L2 walk/refill/TLBI、送cache的PA；L3 cache行与异常；L4 commit首分歧/错误页访问；L5结局；权限检查、异常、memory type、地址拼接位,权限放宽可能静默越权；收紧多Crash；页大小错可产生系统性别名,结构化控制字段的风险不同于PPN随机翻转,本方案结构化模型
16,T07,L1d-TLB,L1 d-TLB 的 CAM 比较结果 match vector 与 way-select 选择器。match vector 表示哪些表项的 VPN/ASID 匹配，way-select 从匹配项中选出翻译；伪造零命中、双命中或错选 way 都属于比较/选择逻辑故障。,状态,伪造0命中、双命中或选择另一个valid way；不直接改表项内容。实施细则：一次运行只改变一个状态位或一种状态转换；清零、伪造、提前置位和延后清除分别统计，不在同一样本叠加。注入前后记录状态机轨迹与关联 instruction/transaction，检查是否破坏占用、唯一性或顺序不变量。激活口径：仅当“DTLB lookup”且故障值被下游实际读取、选择或消费时计为 activated；否则归入 Injected-not-activated。,F0 / F4 / F6,TLB-AliasPerm 地址翻译探针（4KiB/2MiB 页、ASID、同VA不同PA、权限、TLBI、跨页访问）,DTLB lookup,L0 表项是否被命中；L1 VPN/ASID/PPN/权限/valid与多命中；L2 walk/refill/TLBI、送cache的PA；L3 cache行与异常；L4 commit首分歧/错误页访问；L5结局；match vector popcount、选择way、walk数量、断言,0命中多为性能；错误way且合法可能SDC；双命中应被监控/断言检出,覆盖CAM比较和选择逻辑,无直接文献
17,T08,L1d-TLB,d-TLB miss 后的 page-table walk 返回与 refill 通路。walker 根据页表得到 PTE，refill 逻辑再把 VPN、PPN、权限和状态写入某个 TLB 槽；事务 ID 或完成时序错误会把上一条 walk 的结果填给当前请求。,时序,丢失、重复、提前done，或把上一条walk结果填入当前表项。实施细则：绑定一条明确的 dynamic instruction 或 transaction ID，只改变一次事件的发生周期或次数；提前、延后、丢失和重复必须分成独立子模型。数据载荷保持正确，以便把结果归因于握手/完成时序而不是数据翻转。激活口径：仅当“DTLB miss并启动walk”且故障值被下游实际读取、选择或消费时计为 activated；否则归入 Injected-not-activated。,F0 / F4 / F6,"TLB-AliasPerm 地址翻译探针（4KiB/2MiB 页、ASID、同VA不同PA、权限、TLBI、跨页访问）
GAP/Graph500 子集（BFS、SSSP、PageRank，固定图与结果哈希）",DTLB miss并启动walk,L0 表项是否被命中；L1 VPN/ASID/PPN/权限/valid与多命中；L2 walk/refill/TLBI、送cache的PA；L3 cache行与异常；L4 commit首分歧/错误页访问；L5结局；walk ID、VA、返回PTE、refill槽、完成次序,旧结果错配最可能静默；丢失多Timeout；重复可能污染替换状态,TLB风险不仅在阵列，也在refill事务配对,本方案结构化模型
18,T09,L1d-TLB,L1 d-TLB 表项及其保护元数据，包括 parity/ECC、syndrome、错误上报、纠正回写和 poison 标记。B0 默认不启用这些保护，本位置仅在 S5 保护配置中存在。,保护,在S5保护配置中翻校验位、抑制上报、纠正不回写或丢poison；B0不执行。实施细则：仅在 S5 保护配置存在对应机制时执行；校验位翻转、检出未上报、纠正不回写、scrub 错地址和 poison 丢失分别作为独立 campaign。B0 无保护结果标为不适用，不允许填成零故障率。激活口径：仅当“仅S5保护配置”且故障值被下游实际读取、选择或消费时计为 activated；否则归入 Injected-not-activated。,F0 / F5 / F6,TLB-AliasPerm 地址翻译探针（4KiB/2MiB 页、ASID、同VA不同PA、权限、TLBI、跨页访问）,仅S5保护配置,L0 表项是否被命中；L1 VPN/ASID/PPN/权限/valid与多命中；L2 walk/refill/TLBI、送cache的PA；L3 cache行与异常；L4 commit首分歧/错误页访问；L5结局；syndrome、report、correction、scrub/writeback、poison传播,可能把可检出错误降级为SDC；必须与未保护B0分开报告,验证保护链本身而非只攻击数据,保护扩展实验，无直接文献
19,S01,Store Queue,Store Queue 有效表项中的 store data 数据域。store 在提交前把将写入内存的数据暂存在这里；后续可能直接转发给年轻 load，也可能在提交后写入 L1D。,单比特翻转,随机有效SQ项的数据域翻转1 bit；仅当该store最终写出或被forward时activated。实施细则：每次故障运行只选一个当前有效且可被后续使用的目标，在指定字段内均匀抽取一个 bit 做一次 XOR 翻转；其余字段保持无故障值。保存目标 entry/way、bit 编号、原值和故障值，避免把未使用空项计为有效样本。激活口径：仅当“SQ中存在未提交store”且故障值被下游实际读取、选择或消费时计为 activated；否则归入 Injected-not-activated。,F0 / F1 / F2,"MiBench-TC23 论文负载（blowfish、patricia、fft、gsm、dijkstra、rijndael、sha、bitcount、edge、smooth）
SQ-Forward 转发探针（同地址/部分重叠 store-to-load forwarding、字节掩码、alias、replay）",SQ中存在未提交store,L0 项是否被读/转发/提交；L1 addr/data/mask/valid/age与影子SQ；L2 forwarding/replay/violation/SSIT-LFST；L3 cache写请求与ack；L4 commit及内存写日志；L5结局；区分forward传播与cache写出传播、数据bit位置,可能在写回或forward时SDC；IISWC'15总体非掩蔽多低于3%,复现IISWC/Harpocrates数据域注入并修正分母,IISWC'15、Harpocrates++直接对照
20,S02,Store Queue,Store Queue 有效表项中的 store data 数据域，双比特同时位于同一条 store 的数据载荷内。该位置不包括地址、byte mask 或队列状态，因此能单独比较单比特和 MBU 的数据传播。,双比特翻转,同一8B片内翻2 bit；相邻/非相邻各半。实施细则：每次故障运行只选一个有效结构项，在同一字段内同时异或两个不同 bit；相邻位与非相邻位分层各占一半，并记录两个 bit 的编号、距离、原值和故障值。两个 bit 必须在同一个微架构事件生效，不与其他字段故障叠加。激活口径：仅当“有效SQ数据项”且故障值被下游实际读取、选择或消费时计为 activated；否则归入 Injected-not-activated。,F0 / F2,"SQ-Forward 转发探针（同地址/部分重叠 store-to-load forwarding、字节掩码、alias、replay）
MiBench-TC23 论文负载（blowfish、patricia、fft、gsm、dijkstra、rijndael、sha、bitcount、edge、smooth）",有效SQ数据项,L0 项是否被读/转发/提交；L1 addr/data/mask/valid/age与影子SQ；L2 forwarding/replay/violation/SSIT-LFST；L3 cache写请求与ack；L4 commit及内存写日志；L5结局；bit距离、forward/writeback路径、ECC状态,通常仍是合法数据，SDC可能不降；ECC启用时相邻双bit更可能不可纠正,数据字段没有非法编码门槛，需与地址/状态字段对照,CHAOS多bit规律性对照
21,S03,Store Queue,Store Queue 数据阵列的某个物理 bit/byte lane 或统一读写通路。byte lane 是并行承载一个字节的通路；卡死后，所有经过目标 lane 的 store 都会出现相同掩码损坏。,卡死,选一个数据bit或byte lane施加固定掩码，每次经过该SQ写口都损坏。实施细则：在 warm-up 后固定一个物理 bit、lane 或控制位置，并独立执行 stuck-at-0 与 stuck-at-1 两个 campaign；之后每次读出/写入都施加同一掩码直到运行结束。若某次事件的正确值本来就等于卡死值，该次不增加 activated。激活口径：仅当“首个store后持续”且故障值被下游实际读取、选择或消费时计为 activated；否则归入 Injected-not-activated。,F5,"SQ-Forward 转发探针（同地址/部分重叠 store-to-load forwarding、字节掩码、alias、replay）
STREAM+PointerChase（Copy、Scale、Add、Triad 与随机指针链）",首个store后持续,L0 项是否被读/转发/提交；L1 addr/data/mask/valid/age与影子SQ；L2 forwarding/replay/violation/SSIT-LFST；L3 cache写请求与ack；L4 commit及内存写日志；L5结局；按store宽度统计激活、错误模式是否恒定,稳定数据偏置，数值/校验和负载高SDC；未使用lane可掩蔽,永久门/写线故障模型,HPCA'24永久缓存故障仅作类型参考
22,S04,Store Queue,Store Queue 表项中的 store address 字段。它保存该 store 最终要写入的地址，同时参与与年轻 load 的地址比较；地址字段错误既会改变内存落点，也可能改变 store-to-load forwarding 判断。,换值,将地址替换成另一个合法、对齐、已分配对象地址；不改data。实施细则：不生成任意随机位串，而是从当前运行中选择另一个满足对齐、范围、编码和生命周期约束的合法值；保存 source/target 及候选集合。每次运行只替换一个字段或一个选择结果，非法候选、空闲项和已经释放的事务不得使用。激活口径：仅当“store提交前地址已知”且故障值被下游实际读取、选择或消费时计为 activated；否则归入 Injected-not-activated。,F0 / F2 / F6,"SQ-Forward 转发探针（同地址/部分重叠 store-to-load forwarding、字节掩码、alias、replay）
MiniCheck 最小正确性探针（数组校验和、guard page、指针链、load/store round-trip）",store提交前地址已知,L0 项是否被读/转发/提交；L1 addr/data/mask/valid/age与影子SQ；L2 forwarding/replay/violation/SSIT-LFST；L3 cache写请求与ack；L4 commit及内存写日志；L5结局；影子SQ地址、内存写日志、受害对象canary,绕开地址异常后预期SDC高；还可能破坏后续load forwarding,TC'23随机LQ/SQ翻转SDC=0可能受依赖检查影响，本模型测试合法状态边界,TC'23为随机翻转基线
23,S05,Store Queue,Store Queue 表项的 byte-enable 与访问 size。byte-enable 指出 data 中哪些字节有效，size 表示访问宽度；它们共同控制部分 store、非对齐 store 以及转发时的数据覆盖范围。,错位拼接,循环移位byte mask、交换高低半字、size换成另一合法值；data/address保持。实施细则：保持各输入片段本身不变，只修改片段来源、顺序、移位量或拼接选择，使结果仍是完整位串；交换、循环移位、清零和读旧值必须作为独立子模型统计。每次运行只启用一种拼接规则，记录每个输出字节/子字段的真实来源。激活口径：仅当“partial/unaligned store”且故障值被下游实际读取、选择或消费时计为 activated；否则归入 Injected-not-activated。,F0 / F2 / F6,"SQ-Forward 转发探针（同地址/部分重叠 store-to-load forwarding、字节掩码、alias、replay）
AGU-AddrModes AArch64 寻址模式探针（base+imm、base+index、扩展/移位、pre/post-index、LDP/STP）",partial/unaligned store,L0 项是否被读/转发/提交；L1 addr/data/mask/valid/age与影子SQ；L2 forwarding/replay/violation/SSIT-LFST；L3 cache写请求与ack；L4 commit及内存写日志；L5结局；逐字节diff、邻接canary、forward mask与write mask一致性,最可能出现局部字节SDC且程序继续运行,SQ专属结构化风险，随机bit可能变成非法组合被拦截,无直接文献
24,S06,Store Queue,Store Queue 表项的 valid、committed、completed 生命周期状态。valid 表示槽中有有效 store，committed 表示已获准离开推测状态，completed 表示 cache 写请求已完成；状态过早或丢失可能漏写、重复释放或破坏精确异常。,状态,清除或伪造valid/committed/completed；一次只改一位并记录方向。实施细则：一次运行只改变一个状态位或一种状态转换；清零、伪造、提前置位和延后清除分别统计，不在同一样本叠加。注入前后记录状态机轨迹与关联 instruction/transaction，检查是否破坏占用、唯一性或顺序不变量。激活口径：仅当“状态转换边沿”且故障值被下游实际读取、选择或消费时计为 activated；否则归入 Injected-not-activated。,F0 / F2 / F6,"SQ-Forward 转发探针（同地址/部分重叠 store-to-load forwarding、字节掩码、alias、replay）
Cache-DirtyEvict 缓存探针（0.5×/1×/2×L1D working set、conflict set、dirty eviction、writeback）",状态转换边沿,L0 项是否被读/转发/提交；L1 addr/data/mask/valid/age与影子SQ；L2 forwarding/replay/violation/SSIT-LFST；L3 cache写请求与ack；L4 commit及内存写日志；L5结局；状态机轨迹、ROB commit、cache request是否缺失/重复,假completed可能丢store而SDC；提前committed可能破坏精确异常；valid丢失可能静默漏写,覆盖store生命周期控制,TC'23随机翻转基线
25,S07,Store Queue,Store Queue 的 head/tail 指针、age/sequence 顺序号和选择逻辑。它们维护占用范围以及 store 的程序顺序，决定下一条可提交/排空的表项；错误可能错选另一条仍然有效的 store。,换值,指针±1、交换两个合法age、把选择结果换到另一有效项。实施细则：不生成任意随机位串，而是从当前运行中选择另一个满足对齐、范围、编码和生命周期约束的合法值；保存 source/target 及候选集合。每次运行只替换一个字段或一个选择结果，非法候选、空闲项和已经释放的事务不得使用。激活口径：仅当“SQ占用≥2”且故障值被下游实际读取、选择或消费时计为 activated；否则归入 Injected-not-activated。,F0 / F4 / F6,SQ-Forward 转发探针（同地址/部分重叠 store-to-load forwarding、字节掩码、alias、replay）,SQ占用≥2,L0 项是否被读/转发/提交；L1 addr/data/mask/valid/age与影子SQ；L2 forwarding/replay/violation/SSIT-LFST；L3 cache写请求与ack；L4 commit及内存写日志；L5结局；占用计数守恒、head/tail距离、dynInst唯一性、提交序,可导致乱序写、漏写或重复写；结构不变量可能先于SDC出现,研究指针故障的前期特征,无直接文献
26,S08,Store Queue,Store-to-load forwarding 的地址比较器与候选选择器。比较器寻找地址/字节范围重叠的旧 store，选择器应选程序顺序上最年轻且覆盖所需字节的那一条；false match、false miss 或选到更旧 store 都会改变 load 数据来源。,换值,制造false match/false miss；多匹配时选择旧store而非最年轻匹配项。实施细则：不生成任意随机位串，而是从当前运行中选择另一个满足对齐、范围、编码和生命周期约束的合法值；保存 source/target 及候选集合。每次运行只替换一个字段或一个选择结果，非法候选、空闲项和已经释放的事务不得使用。激活口径：仅当“发生地址重叠load”且故障值被下游实际读取、选择或消费时计为 activated；否则归入 Injected-not-activated。,F0 / F2 / F6,SQ-Forward 转发探针（同地址/部分重叠 store-to-load forwarding、字节掩码、alias、replay）,发生地址重叠load,L0 项是否被读/转发/提交；L1 addr/data/mask/valid/age与影子SQ；L2 forwarding/replay/violation/SSIT-LFST；L3 cache写请求与ack；L4 commit及内存写日志；L5结局；候选store集合、youngest选择、forward值、replay,选择旧值是典型静默错误；false miss可能由cache旧值暴露或replay恢复,Store Queue核心功能，随机数据翻转覆盖不到,无直接文献
27,S09,Store Queue,部分重叠 forwarding 的数据拼接 MUX。一个 load 的不同字节可能来自多条旧 store 和 L1D，MUX 按 byte mask 合成为完整 load 值；来源顺序或字节位置错误会生成看似合法但内容混合的新值。,错位拼接,部分重叠时把两个store的byte片段顺序交换、清零一段或混入旧cache字节。实施细则：保持各输入片段本身不变，只修改片段来源、顺序、移位量或拼接选择，使结果仍是完整位串；交换、循环移位、清零和读旧值必须作为独立子模型统计。每次运行只启用一种拼接规则，记录每个输出字节/子字段的真实来源。激活口径：仅当“partial overlap forwarding”且故障值被下游实际读取、选择或消费时计为 activated；否则归入 Injected-not-activated。,F0 / F2 / F6,SQ-Forward 转发探针（同地址/部分重叠 store-to-load forwarding、字节掩码、alias、replay）,partial overlap forwarding,L0 项是否被读/转发/提交；L1 addr/data/mask/valid/age与影子SQ；L2 forwarding/replay/violation/SSIT-LFST；L3 cache写请求与ack；L4 commit及内存写日志；L5结局；每字节来源追踪、正确合成值与实际值,生成合法但混合的新值，预期高SDC且难由控制检查发现,针对partial forwarding真实拼接逻辑,本方案结构化模型
28,S10,Store Queue,内存依赖预测器的 SSIT/LFST。SSIT 把 load/store PC 映射到 store-set ID，LFST 记录该集合最近的在飞 store；预测结果决定年轻 load 是否等待某条 store，但最终正确性仍依赖 violation 检查与 replay。,换值,SSIT的store-set ID换成另一合法ID，或LFST指向另一条在飞store；也测试valid丢失。实施细则：不生成任意随机位串，而是从当前运行中选择另一个满足对齐、范围、编码和生命周期约束的合法值；保存 source/target 及候选集合。每次运行只替换一个字段或一个选择结果，非法候选、空闲项和已经释放的事务不得使用。激活口径：仅当“load/store alias训练后”且故障值被下游实际读取、选择或消费时计为 activated；否则归入 Injected-not-activated。,F0 / F2 / F5,"SQ-Forward 转发探针（同地址/部分重叠 store-to-load forwarding、字节掩码、alias、replay）
GAP/Graph500 子集（BFS、SSSP、PageRank，固定图与结果哈希）",load/store alias训练后,L0 项是否被读/转发/提交；L1 addr/data/mask/valid/age与影子SQ；L2 forwarding/replay/violation/SSIT-LFST；L3 cache写请求与ack；L4 commit及内存写日志；L5结局；预测ID、依赖边、issue次序、violation/replay、commit结果,多数表现为额外stall或replay；错误放行且检查漏掉时才可能SDC,区分预测性能错误与真正内存次序错误,无直接SSIT/LFST注入
29,S11,Store Queue,Store Queue 向 L1D 发送写请求并接收 ack/done 的事务握手通路。request 表示真正发出写，ack/done 表示下游已接受或完成；SQ 只有在正确事务完成后才能释放对应表项。,时序,丢失一次request/ack、重复一次request，或提前done释放SQ项。实施细则：绑定一条明确的 dynamic instruction 或 transaction ID，只改变一次事件的发生周期或次数；提前、延后、丢失和重复必须分成独立子模型。数据载荷保持正确，以便把结果归因于握手/完成时序而不是数据翻转。激活口径：仅当“store drain或writeback”且故障值被下游实际读取、选择或消费时计为 activated；否则归入 Injected-not-activated。,F0 / F4 / F6,"SQ-Forward 转发探针（同地址/部分重叠 store-to-load forwarding、字节掩码、alias、replay）
Cache-DirtyEvict 缓存探针（0.5×/1×/2×L1D working set、conflict set、dirty eviction、writeback）",store drain或writeback,L0 项是否被读/转发/提交；L1 addr/data/mask/valid/age与影子SQ；L2 forwarding/replay/violation/SSIT-LFST；L3 cache写请求与ack；L4 commit及内存写日志；L5结局；request ID、发送/接收次数、释放周期、最终内存,提前done/丢request可静默漏写；重复request通常幂等但MMIO/原子场景危险,覆盖事务时序而非存储位,MICRO'24时延故障方法论类比
30,S12,Store Queue,Store Queue 数据与转发通路的 ECC/parity/poison 保护元数据。syndrome 用于检测/定位错误，poison 表示数据不可安全消费；该位置仅在实现了对应保护的 S5 配置中有效。,保护,保护配置下翻校验位、压制检出、纠正后不回写、poison在forward时丢失。实施细则：仅在 S5 保护配置存在对应机制时执行；校验位翻转、检出未上报、纠正不回写、scrub 错地址和 poison 丢失分别作为独立 campaign。B0 无保护结果标为不适用，不允许填成零故障率。激活口径：仅当“仅S5保护配置”且故障值被下游实际读取、选择或消费时计为 activated；否则归入 Injected-not-activated。,F0 / F5 / F6,SQ-Forward 转发探针（同地址/部分重叠 store-to-load forwarding、字节掩码、alias、replay）,仅S5保护配置,L0 项是否被读/转发/提交；L1 addr/data/mask/valid/age与影子SQ；L2 forwarding/replay/violation/SSIT-LFST；L3 cache写请求与ack；L4 commit及内存写日志；L5结局；syndrome、forward前后poison、纠正/回写计数,攻击保护链可把DUE变成SDC；B0结果不得混入,把保护作为显式故障面,保护扩展实验
31,C01,L1d-Cache,L1D data array 的有效 cache line 数据位。data array 保存程序最近使用的真实数据；只有该行以后被需求 load 读取、被 store 修改或被 writeback 才可能向架构状态传播。,单比特翻转,随机选择valid cache line的数据bit翻转1 bit；记录其后是否被需求读或写回。实施细则：每次故障运行只选一个当前有效且可被后续使用的目标，在指定字段内均匀抽取一个 bit 做一次 XOR 翻转；其余字段保持无故障值。保存目标 entry/way、bit 编号、原值和故障值，避免把未使用空项计为有效样本。激活口径：仅当“L1D存在valid line”且故障值被下游实际读取、选择或消费时计为 activated；否则归入 Injected-not-activated。,F0 / F1 / F2,"MiBench-TC23 论文负载（blowfish、patricia、fft、gsm、dijkstra、rijndael、sha、bitcount、edge、smooth）
Cache-DirtyEvict 缓存探针（0.5×/1×/2×L1D working set、conflict set、dirty eviction、writeback）",L1D存在valid line,L0 行/way是否被需求读或驱逐；L1 tag/data/valid/dirty/coherence/PLRU；L2 hit/miss/MSHR/merge/fill；L3 writeback与一致性消息；L4 load值/store可见性；L5结局；byte位置、被读/写回/覆盖、内核/用户来源,文献中L1D data是高SDC结构；TC'23 Armv8非benign中SDC占53.4%,直接复现最成熟的文献基线,IISWC'15、TC'22、TC'23、HPCA'24直接对照
32,C02,L1d-Cache,L1D data array 同一有效 cache line 内的两个数据位。可把两个位限制在同一 32-bit 保护字、同一 byte 或分散位置，从而区分局部 MBU 与逻辑分散双错。,双比特翻转,同一32-bit保护粒度或同一64B line内翻2 bit，分别统计相邻与分散。实施细则：每次故障运行只选一个有效结构项，在同一字段内同时异或两个不同 bit；相邻位与非相邻位分层各占一半，并记录两个 bit 的编号、距离、原值和故障值。两个 bit 必须在同一个微架构事件生效，不与其他字段故障叠加。激活口径：仅当“valid line”且故障值被下游实际读取、选择或消费时计为 activated；否则归入 Injected-not-activated。,F0 / F2,"Cache-DirtyEvict 缓存探针（0.5×/1×/2×L1D working set、conflict set、dirty eviction、writeback）
MiBench-TC23 论文负载（blowfish、patricia、fft、gsm、dijkstra、rijndael、sha、bitcount、edge、smooth）",valid line,L0 行/way是否被需求读或驱逐；L1 tag/data/valid/dirty/coherence/PLRU；L2 hit/miss/MSHR/merge/fill；L3 writeback与一致性消息；L4 load值/store可见性；L5结局；两个bit距离、相同word/byte、syndrome,无保护时仍以SDC为主；SECDED下双bit可能转为DUE,覆盖MBU及保护粒度敏感性,CHAOS多bit；保护结果为待验证
33,C03,L1d-Cache,L1D data array 的固定 set/way/bit，或共用的读口/写口数据线。set/way 定位一条物理 cache line，端口故障则影响所有经该通路读写的行；两种子位置必须分开统计。,卡死,选择set/way/bit实施stuck-at-0/1，对读出或写入统一施加固定掩码。实施细则：在 warm-up 后固定一个物理 bit、lane 或控制位置，并独立执行 stuck-at-0 与 stuck-at-1 两个 campaign；之后每次读出/写入都施加同一掩码直到运行结束。若某次事件的正确值本来就等于卡死值，该次不增加 activated。激活口径：仅当“首个目标set访问后持续”且故障值被下游实际读取、选择或消费时计为 activated；否则归入 Injected-not-activated。,F5,"Cache-DirtyEvict 缓存探针（0.5×/1×/2×L1D working set、conflict set、dirty eviction、writeback）
STREAM+PointerChase（Copy、Scale、Add、Triad 与随机指针链）",首个目标set访问后持续,L0 行/way是否被需求读或驱逐；L1 tag/data/valid/dirty/coherence/PLRU；L2 hit/miss/MSHR/merge/fill；L3 writeback与一致性消息；L4 load值/store可见性；L5结局；同一bit激活次数、覆盖/驱逐后是否复现,HPCA'24报告永久L1D SDC概率范围高，具体随ISA/负载变化；预期重复污染,复现永久故障类别并定位读口/写口差异,HPCA'24永久故障直接类别对照
34,C04,L1d-Cache,L1D tag array 的物理地址标签。访问某个 set 后，tag 与请求地址比较以判断各 way 是否命中；tag 错误可能造成 false miss、false hit，或把 dirty 数据写回到错误地址。,单比特翻转,随机valid line的tag翻转1 bit；状态位不动。实施细则：每次故障运行只选一个当前有效且可被后续使用的目标，在指定字段内均匀抽取一个 bit 做一次 XOR 翻转；其余字段保持无故障值。保存目标 entry/way、bit 编号、原值和故障值，避免把未使用空项计为有效样本。激活口径：仅当“valid line”且故障值被下游实际读取、选择或消费时计为 activated；否则归入 Injected-not-activated。,F0 / F1 / F2,"MiBench-TC23 论文负载（blowfish、patricia、fft、gsm、dijkstra、rijndael、sha、bitcount、edge、smooth）
Cache-DirtyEvict 缓存探针（0.5×/1×/2×L1D working set、conflict set、dirty eviction、writeback）",valid line,L0 行/way是否被需求读或驱逐；L1 tag/data/valid/dirty/coherence/PLRU；L2 hit/miss/MSHR/merge/fill；L3 writeback与一致性消息；L4 load值/store可见性；L5结局；false hit/miss、受害line、写回地址,TC'23 Armv8非benign中SDC占38.0%；也常因错miss/错hit导致Crash,直接文献基线，需与data分开,TC'22、TC'23直接对照
35,C05,L1d-Cache,L1D 的 tag 比较结果与 way-select 数据选择器。tag 比较器产生命中向量，way-select 决定返回哪一路 data；模型保持候选 tag 合法，专门研究错选另一条有效 line 的后果。,换值,tag替换为同set另一合法tag，或强制选择另一valid way；数据不变。实施细则：不生成任意随机位串，而是从当前运行中选择另一个满足对齐、范围、编码和生命周期约束的合法值；保存 source/target 及候选集合。每次运行只替换一个字段或一个选择结果，非法候选、空闲项和已经释放的事务不得使用。激活口径：仅当“同set至少2条valid line”且故障值被下游实际读取、选择或消费时计为 activated；否则归入 Injected-not-activated。,F0 / F2 / F6,Cache-DirtyEvict 缓存探针（0.5×/1×/2×L1D working set、conflict set、dirty eviction、writeback）,同set至少2条valid line,L0 行/way是否被需求读或驱逐；L1 tag/data/valid/dirty/coherence/PLRU；L2 hit/miss/MSHR/merge/fill；L3 writeback与一致性消息；L4 load值/store可见性；L5结局；match vector、选中way、需求PA与line来源,合法false hit把错误line数据送给load，预期SDC高于随机tag翻转,绕开无效地址与自然miss防线,本方案结构化模型
36,C06,L1d-Cache,L1D 每个 way 的 valid bit。valid=1 表示 tag/data 可参与命中，valid=0 表示该槽无效；清零通常只制造 miss，伪造有效则可能让残留 tag/data 形成 stale hit。,状态,valid清零或将无效way伪造成valid；伪造时保留残留tag/data。实施细则：一次运行只改变一个状态位或一种状态转换；清零、伪造、提前置位和延后清除分别统计，不在同一样本叠加。注入前后记录状态机轨迹与关联 instruction/transaction，检查是否破坏占用、唯一性或顺序不变量。激活口径：仅当“目标set访问”且故障值被下游实际读取、选择或消费时计为 activated；否则归入 Injected-not-activated。,F0 / F2 / F5,Cache-DirtyEvict 缓存探针（0.5×/1×/2×L1D working set、conflict set、dirty eviction、writeback）,目标set访问,L0 行/way是否被需求读或驱逐；L1 tag/data/valid/dirty/coherence/PLRU；L2 hit/miss/MSHR/merge/fill；L3 writeback与一致性消息；L4 load值/store可见性；L5结局；stale age、false hit、refill、自愈时间,清零多为性能/重填；伪造valid可能读旧数据而SDC,区分无害的额外miss与危险的stale hit,IISWC'15覆盖valid类结构但未给独立结果
37,C07,L1d-Cache,L1D cache line 的 dirty bit。dirty=1 表示该行已被处理器修改、驱逐时必须写回下级；dirty 丢失会让最新数据被静默丢弃，伪造 dirty 会产生不必要写回。,状态,dirty丢失或伪造；不改tag/data。实施细则：一次运行只改变一个状态位或一种状态转换；清零、伪造、提前置位和延后清除分别统计，不在同一样本叠加。注入前后记录状态机轨迹与关联 instruction/transaction，检查是否破坏占用、唯一性或顺序不变量。激活口径：仅当“dirty eviction”且故障值被下游实际读取、选择或消费时计为 activated；否则归入 Injected-not-activated。,F0 / F2 / F5 / F6,Cache-DirtyEvict 缓存探针（0.5×/1×/2×L1D working set、conflict set、dirty eviction、writeback）,dirty eviction,L0 行/way是否被需求读或驱逐；L1 tag/data/valid/dirty/coherence/PLRU；L2 hit/miss/MSHR/merge/fill；L3 writeback与一致性消息；L4 load值/store可见性；L5结局；驱逐前后dirty、writeback地址/data、最终DRAM,dirty丢失会在驱逐时静默丢写；伪造dirty通常多余写回/性能，写回地址错时才危险,dirty位错误常有长潜伏期，必须观察到内存,本方案结构化模型
38,C08,L1d-Cache,L1D cache line 的 coherence state（如 M/E/S/I）及所有权信息。它描述本核是否拥有可写副本、其他核是否可能共享；错误状态可能漏掉 invalidation、保留陈旧副本或形成多个写者。,换值,M/E/S/I替换为另一合法状态；单核只做I↔valid，多核做完整协议。实施细则：不生成任意随机位串，而是从当前运行中选择另一个满足对齐、范围、编码和生命周期约束的合法值；保存 source/target 及候选集合。每次运行只替换一个字段或一个选择结果，非法候选、空闲项和已经释放的事务不得使用。激活口径：仅当“共享行或snoop”且故障值被下游实际读取、选择或消费时计为 activated；否则归入 Injected-not-activated。,F0 / F2 / F5 / F6,"Cache-DirtyEvict 缓存探针（0.5×/1×/2×L1D working set、conflict set、dirty eviction、writeback）
Atomic-Litmus 并发探针（MP、SB、LB、IRIW、Dekker、ticket lock、CAS counter、LDXR/STXR）",共享行或snoop,L0 行/way是否被需求读或驱逐；L1 tag/data/valid/dirty/coherence/PLRU；L2 hit/miss/MSHR/merge/fill；L3 writeback与一致性消息；L4 load值/store可见性；L5结局；snoop、owner/sharer、失效ack、跨核读值,单核多为额外miss；多核可能读旧值、漏失效或双写者，SDC/一致性违规风险高,缓存正确性不仅是tag/data，还依赖一致性状态,无直接本地论文结果
39,C09,L1d-Cache,L1D 命中后的 way-select、字节/字 MUX 与对齐网络。它从选中 line 中截取 1/2/4/8/16B，按地址低位排列并送给 load；错位、跨 line 拼接或上一拍残留会直接改变返回值。,错位拼接,读出时循环移位字节、交换两个word、拼接两条line片段或返回上一拍数据。实施细则：保持各输入片段本身不变，只修改片段来源、顺序、移位量或拼接选择，使结果仍是完整位串；交换、循环移位、清零和读旧值必须作为独立子模型统计。每次运行只启用一种拼接规则，记录每个输出字节/子字段的真实来源。激活口径：仅当“cache hit”且故障值被下游实际读取、选择或消费时计为 activated；否则归入 Injected-not-activated。,F0 / F2 / F6,"Cache-DirtyEvict 缓存探针（0.5×/1×/2×L1D working set、conflict set、dirty eviction、writeback）
STREAM+PointerChase（Copy、Scale、Add、Triad 与随机指针链）",cache hit,L0 行/way是否被需求读或驱逐；L1 tag/data/valid/dirty/coherence/PLRU；L2 hit/miss/MSHR/merge/fill；L3 writeback与一致性消息；L4 load值/store可见性；L5结局；每字节line/way来源、stale周期、load宽度,输出保持合法位模式，预期高SDC且tag检查无法发现,针对读数据选择网络的结构化风险,本方案结构化模型
40,C10,L1d-Cache,L1D 的 replacement/PLRU 元数据和 victim-way 选择器。它只决定 miss 时驱逐哪个 way，正常情况下不应改变程序结果；因此本位置主要作为“只影响性能”的负对照。,状态,翻转PLRU或把victim way替换为另一合法way。实施细则：一次运行只改变一个状态位或一种状态转换；清零、伪造、提前置位和延后清除分别统计，不在同一样本叠加。注入前后记录状态机轨迹与关联 instruction/transaction，检查是否破坏占用、唯一性或顺序不变量。激活口径：仅当“set满且发生miss”且故障值被下游实际读取、选择或消费时计为 activated；否则归入 Injected-not-activated。,F0 / F3 / F5,"Cache-DirtyEvict 缓存探针（0.5×/1×/2×L1D working set、conflict set、dirty eviction、writeback）
STREAM+PointerChase（Copy、Scale、Add、Triad 与随机指针链）",set满且发生miss,L0 行/way是否被需求读或驱逐；L1 tag/data/valid/dirty/coherence/PLRU；L2 hit/miss/MSHR/merge/fill；L3 writeback与一致性消息；L4 load值/store可见性；L5结局；victim序列、miss/MPKI、dirty victim、输出,通常仅性能；若与dirty/writeback控制缺陷耦合才影响正确性，预期SDC接近0,作为负对照验证“只影响性能”的假设,无直接文献；负对照
41,C11,L1d-Cache,L1D 的 MSHR（Miss Status Holding Register）及 target 列表。MSHR 保存尚未返回的 cache-line miss，target 列表记录等待同一 line 的多个 load/store；地址、合并关系或唤醒对象错配会把 fill 交给错误消费者。,换值,MSHR block address换成另一合法miss；错误merge两个请求；丢失或复制target。实施细则：不生成任意随机位串，而是从当前运行中选择另一个满足对齐、范围、编码和生命周期约束的合法值；保存 source/target 及候选集合。每次运行只替换一个字段或一个选择结果，非法候选、空闲项和已经释放的事务不得使用。激活口径：仅当“至少1个outstanding miss；merge需同line请求”且故障值被下游实际读取、选择或消费时计为 activated；否则归入 Injected-not-activated。,F0 / F2 / F4 / F6,"Cache-DirtyEvict 缓存探针（0.5×/1×/2×L1D working set、conflict set、dirty eviction、writeback）
STREAM+PointerChase（Copy、Scale、Add、Triad 与随机指针链）",至少1个outstanding miss；merge需同line请求,L0 行/way是否被需求读或驱逐；L1 tag/data/valid/dirty/coherence/PLRU；L2 hit/miss/MSHR/merge/fill；L3 writeback与一致性消息；L4 load值/store可见性；L5结局；MSHR占用、request-target双向映射、fill ID、wakeup消费者,错fill/错唤醒可产生读旧值或跨请求数据，结构检查可能先触发,B0有6 MSHR，是L1D缺失处理核心,无直接MSHR注入
42,C12,L1d-Cache,L1D 的 fill buffer、writeback buffer 及事务配对控制。fill 把下级返回的 tag/data 写入 L1D，writeback 把 dirty victim 送往下级；tag、data、way 和 transaction ID 必须属于同一事务。,时序,丢失/重复fill或writeback；提前valid；把旧fill data与新tag组合。实施细则：绑定一条明确的 dynamic instruction 或 transaction ID，只改变一次事件的发生周期或次数；提前、延后、丢失和重复必须分成独立子模型。数据载荷保持正确，以便把结果归因于握手/完成时序而不是数据翻转。激活口径：仅当“miss fill或dirty writeback”且故障值被下游实际读取、选择或消费时计为 activated；否则归入 Injected-not-activated。,F0 / F4 / F6,"Cache-DirtyEvict 缓存探针（0.5×/1×/2×L1D working set、conflict set、dirty eviction、writeback）
STREAM+PointerChase（Copy、Scale、Add、Triad 与随机指针链）",miss fill或dirty writeback,L0 行/way是否被需求读或驱逐；L1 tag/data/valid/dirty/coherence/PLRU；L2 hit/miss/MSHR/merge/fill；L3 writeback与一致性消息；L4 load值/store可见性；L5结局；tag/data写入周期、transaction ID、writeback完成、line版本,tag-data错配是高风险SDC；丢fill多Timeout；重复通常被协议吸收,覆盖事务配对和先后次序,本方案结构化模型
43,C13,L1d-Cache,L1D data/tag 的 ECC/parity、syndrome、poison 与 scrub 状态。ECC 负责检测/纠正，scrub 把修正值写回，poison 阻止坏数据被消费；本位置只在 S5 保护配置中执行。,保护,S5中翻校验位、抑制syndrome上报、纠正错误但不回写、scrub错行、poison丢失。实施细则：仅在 S5 保护配置存在对应机制时执行；校验位翻转、检出未上报、纠正不回写、scrub 错地址和 poison 丢失分别作为独立 campaign。B0 无保护结果标为不适用，不允许填成零故障率。激活口径：仅当“仅S5保护配置”且故障值被下游实际读取、选择或消费时计为 activated；否则归入 Injected-not-activated。,F0 / F5 / F6,Cache-DirtyEvict 缓存探针（0.5×/1×/2×L1D working set、conflict set、dirty eviction、writeback）,仅S5保护配置,L0 行/way是否被需求读或驱逐；L1 tag/data/valid/dirty/coherence/PLRU；L2 hit/miss/MSHR/merge/fill；L3 writeback与一致性消息；L4 load值/store可见性；L5结局；syndrome、corrected/uncorrectable、scrub地址、poison到commit,可把可纠正错误变为重复错误，或把DUE静默化；需单独报告 coverage gap,直接评估保护机制自身的单点失效,TC'22保护背景；具体模型为本方案
44,O01,原子与同步,每核 exclusive monitor 中记录的 reservation address。LDXR 建立对某个 exclusive granule 的预留，STXR 只有在预留仍匹配且未被冲突写破坏时才能成功；地址错误通常表现为错误失败，也可能形成错误成功。,单比特翻转,LDXR建立reservation后翻转monitor地址1 bit；数据不改。实施细则：每次故障运行只选一个当前有效且可被后续使用的目标，在指定字段内均匀抽取一个 bit 做一次 XOR 翻转；其余字段保持无故障值。保存目标 entry/way、bit 编号、原值和故障值，避免把未使用空项计为有效样本。激活口径：仅当“LDXR后、STXR前”且故障值被下游实际读取、选择或消费时计为 activated；否则归入 Injected-not-activated。,F0 / F2 / F6,Atomic-Litmus 并发探针（MP、SB、LB、IRIW、Dekker、ticket lock、CAS counter、LDXR/STXR）,LDXR后、STXR前,L0 原子/屏障事件激活；L1 exclusive monitor、RMW旧值/新值、done/成功码；L2顺序队列与一致性事务；L3跨核可见顺序；L4禁出现结果/提交序；L5结局；reservation地址、granule、STXR结果、重试次数,多为STXR失败和重试；若错误地址仍匹配可能错误成功并SDC,覆盖独占监视器核心状态,无直接文献
45,O02,原子与同步,Exclusive monitor 的 valid、version 与 granule 范围状态。valid 表示预留存在，version/失效状态反映竞争写，granule 规定监视的地址范围；这些状态共同决定 STXR 是否可以提交。,状态,valid清零/伪造，version换成旧值，granule扩大或缩小到另一合法粒度。实施细则：一次运行只改变一个状态位或一种状态转换；清零、伪造、提前置位和延后清除分别统计，不在同一样本叠加。注入前后记录状态机轨迹与关联 instruction/transaction，检查是否破坏占用、唯一性或顺序不变量。激活口径：仅当“存在竞争写或reservation”且故障值被下游实际读取、选择或消费时计为 activated；否则归入 Injected-not-activated。,F0 / F2 / F5 / F6,Atomic-Litmus 并发探针（MP、SB、LB、IRIW、Dekker、ticket lock、CAS counter、LDXR/STXR）,存在竞争写或reservation,L0 原子/屏障事件激活；L1 exclusive monitor、RMW旧值/新值、done/成功码；L2顺序队列与一致性事务；L3跨核可见顺序；L4禁出现结果/提交序；L5结局；冲突写时间、monitor失效原因、禁出现结果,伪成功最危险，可产生lost update；清零多为性能/活锁,区分安全失败与错误成功,无直接文献
46,O03,原子与同步,STXR/CAS 等原子操作返回给软件的成功/失败状态码。它必须与内存是否真正更新保持一致；状态码与事实不一致会让软件错误重试或错误停止重试。,翻转,翻转返回软件的成功/失败状态，但保持内存更新事实不变。实施细则：每次故障运行只选一个当前有效且可被后续使用的目标，在指定字段内均匀抽取一个 bit 做一次 XOR 翻转；其余字段保持无故障值。保存目标 entry/way、bit 编号、原值和故障值，避免把未使用空项计为有效样本。激活口径：仅当“原子操作完成”且故障值被下游实际读取、选择或消费时计为 activated；否则归入 Injected-not-activated。,F0 / F2 / F6,Atomic-Litmus 并发探针（MP、SB、LB、IRIW、Dekker、ticket lock、CAS counter、LDXR/STXR）,原子操作完成,L0 原子/屏障事件激活；L1 exclusive monitor、RMW旧值/新值、done/成功码；L2顺序队列与一致性事务；L3跨核可见顺序；L4禁出现结果/提交序；L5结局；真实更新、返回码、重试路径、counter期望值,内存已写却报失败会重复更新；未写却报成功会丢更新，均可能稳定SDC,状态码是软件控制流与内存事实的契约,无直接文献
47,O04,原子与同步,LSE 原子读改写的数据选择与返回 MUX。它在 CAS/SWP/LDADD 中选择比较值、替换值、旧内存值和新内存值，并把正确 old value 返回寄存器；交换这些输入不会产生非法编码但会改变原子语义。,错位拼接,交换old/new值、CAS比较值与替换值，或返回上一条原子的old value。实施细则：保持各输入片段本身不变，只修改片段来源、顺序、移位量或拼接选择，使结果仍是完整位串；交换、循环移位、清零和读旧值必须作为独立子模型统计。每次运行只启用一种拼接规则，记录每个输出字节/子字段的真实来源。激活口径：仅当“CAS/SWP/LDADD”且故障值被下游实际读取、选择或消费时计为 activated；否则归入 Injected-not-activated。,F0 / F2 / F6,Atomic-Litmus 并发探针（MP、SB、LB、IRIW、Dekker、ticket lock、CAS counter、LDXR/STXR）,CAS/SWP/LDADD,L0 原子/屏障事件激活；L1 exclusive monitor、RMW旧值/新值、done/成功码；L2顺序队列与一致性事务；L3跨核可见顺序；L4禁出现结果/提交序；L5结局；请求操作数、内存old/new、返回寄存器、线性化点,位模式合法且可能不崩溃，预期高SDC；竞争下放大,针对读改写的数据选择链,无直接文献
48,O05,原子与同步,原子 RMW 事务从 LSU 发出到一致性系统完成的 request/done 通路及线性化事件。一次 RMW 必须恰好执行一次，并在全局顺序中的一个明确点生效。,时序,丢失、重复一次RMW，或提前done允许后续load越过。实施细则：绑定一条明确的 dynamic instruction 或 transaction ID，只改变一次事件的发生周期或次数；提前、延后、丢失和重复必须分成独立子模型。数据载荷保持正确，以便把结果归因于握手/完成时序而不是数据翻转。激活口径：仅当“原子事务”且故障值被下游实际读取、选择或消费时计为 activated；否则归入 Injected-not-activated。,F0 / F4 / F6,Atomic-Litmus 并发探针（MP、SB、LB、IRIW、Dekker、ticket lock、CAS counter、LDXR/STXR）,原子事务,L0 原子/屏障事件激活；L1 exclusive monitor、RMW旧值/新值、done/成功码；L2顺序队列与一致性事务；L3跨核可见顺序；L4禁出现结果/提交序；L5结局；transaction ID、coherence序、线性化历史、重复检测,重复/丢失直接改变计数；提前done可能违反顺序并只在并发下显现,单线程负载无法覆盖的并发结构化故障,MICRO'24时延方法论类比
49,O06,原子与同步,DMB/DSB 屏障的完成状态与前后内存事务排空条件。DMB 约束可见顺序，DSB 还要求相关操作完成；提前 done 会让后续访问越过屏障，延后/丢失 done 则会停顿。,时序,提前done、延后或丢失一次barrier completion；屏障指令本身仍提交。实施细则：绑定一条明确的 dynamic instruction 或 transaction ID，只改变一次事件的发生周期或次数；提前、延后、丢失和重复必须分成独立子模型。数据载荷保持正确，以便把结果归因于握手/完成时序而不是数据翻转。激活口径：仅当“barrier有前后内存事务”且故障值被下游实际读取、选择或消费时计为 activated；否则归入 Injected-not-activated。,F0 / F4 / F6,Atomic-Litmus 并发探针（MP、SB、LB、IRIW、Dekker、ticket lock、CAS counter、LDXR/STXR）,barrier有前后内存事务,L0 原子/屏障事件激活；L1 exclusive monitor、RMW旧值/新值、done/成功码；L2顺序队列与一致性事务；L3跨核可见顺序；L4禁出现结果/提交序；L5结局；屏障前后请求、全局可见序、禁出现结果,提前done可能出现Arm内存模型禁出现结果；延后多为性能/Timeout,屏障正确性必须用litmus结果而非单线程输出判断,无直接文献
50,O07,原子与同步,LSU 内部 ordering queue 的 order tag、valid/ready 和选择逻辑。它维护 acquire/release、屏障和普通访存的先后关系；交换两个合法序号可能只改变时序，也可能产生 Arm 内存模型禁止的结果。,换值,交换两个在飞事务的order tag，或valid/ready伪造。实施细则：不生成任意随机位串，而是从当前运行中选择另一个满足对齐、范围、编码和生命周期约束的合法值；保存 source/target 及候选集合。每次运行只替换一个字段或一个选择结果，非法候选、空闲项和已经释放的事务不得使用。激活口径：仅当“至少2个相关事务”且故障值被下游实际读取、选择或消费时计为 activated；否则归入 Injected-not-activated。,F0 / F2 / F6,Atomic-Litmus 并发探针（MP、SB、LB、IRIW、Dekker、ticket lock、CAS counter、LDXR/STXR）,至少2个相关事务,L0 原子/屏障事件激活；L1 exclusive monitor、RMW旧值/新值、done/成功码；L2顺序队列与一致性事务；L3跨核可见顺序；L4禁出现结果/提交序；L5结局；per-core issue/commit/global order、replay、snoop,可能只改变时序，也可能违反release/acquire；依赖并发负载,覆盖排序状态而非数据阵列,无直接文献
51,O08,原子与同步,原子/屏障路径上的一致性错误、RAS 上报与 poison 传播控制。该位置不是普通操作数，而是决定发现错误后是否阻止提交、回滚或进入异常；仅在实现相应保护时有效。,保护,丢失exclusive monitor或coherence错误上报、poison在RMW路径被清除。实施细则：仅在 S5 保护配置存在对应机制时执行；校验位翻转、检出未上报、纠正不回写、scrub 错地址和 poison 丢失分别作为独立 campaign。B0 无保护结果标为不适用，不允许填成零故障率。激活口径：仅当“实现提供RAS/poison时”且故障值被下游实际读取、选择或消费时计为 activated；否则归入 Injected-not-activated。,F0 / F5 / F6,Atomic-Litmus 并发探针（MP、SB、LB、IRIW、Dekker、ticket lock、CAS counter、LDXR/STXR）,实现提供RAS/poison时,L0 原子/屏障事件激活；L1 exclusive monitor、RMW旧值/新值、done/成功码；L2顺序队列与一致性事务；L3跨核可见顺序；L4禁出现结果/提交序；L5结局；error signal、poison、异常入口、事务回滚,可能把可检测一致性错误转为静默；无保护实现标N/A,为未来保护实现预留，不在B0强行假定存在,扩展实验
52,P01,数据预取器,Stride prefetcher 的 PC/PHT tag 与 stride 历史字段。PC/tag 用于识别哪条 load 的历史，stride 记录相邻访问地址差；错误通常生成错误预取地址，但原则上不应直接改变需求 load 的架构结果。,单比特翻转,在有效训练项的PC tag或stride翻转1 bit；B0为L2 StridePrefetcher代理。实施细则：每次故障运行只选一个当前有效且可被后续使用的目标，在指定字段内均匀抽取一个 bit 做一次 XOR 翻转；其余字段保持无故障值。保存目标 entry/way、bit 编号、原值和故障值，避免把未使用空项计为有效样本。激活口径：仅当“预取器已有训练项”且故障值被下游实际读取、选择或消费时计为 activated；否则归入 Injected-not-activated。,F0 / F1 / F2,"BEEBS-DelayAVF 论文负载（md5、libbubblesort、libstrstr、matmult、libfibcall）
Prefetch-Stride 预取探针（正/负/交错 stride、pointer chase、跨页 stride、训练后变步长）",预取器已有训练项,L0 训练项/请求是否消费；L1 PC/stride/confidence/queue；L2预取地址、issued/useful/late/useless；L3填充way、驱逐对象、需求合并；L4架构结果；L5结局与性能偏差；issued/useful/late/useless、覆盖率、MPKI、输出,通常只改命中率/带宽；若错误请求仍合法，不应改变架构结果，是负对照,检验TC'23“预取错误不改架构状态”的边界,TC'23排除理由；MICRO'24预取buffer结果作不同模型对照
53,P02,数据预取器,预取器的 confidence、degree、distance 与 throttle 控制。confidence 决定模式是否可信，degree 是一次发出多少条预取，distance 是提前多远，throttle 限制带宽；这些字段通常只改变性能和污染。,状态,confidence清零/伪造，degree或distance换成合法值，throttle stuck-open/closed。实施细则：一次运行只改变一个状态位或一种状态转换；清零、伪造、提前置位和延后清除分别统计，不在同一样本叠加。注入前后记录状态机轨迹与关联 instruction/transaction，检查是否破坏占用、唯一性或顺序不变量。激活口径：仅当“稳定stride训练后”且故障值被下游实际读取、选择或消费时计为 activated；否则归入 Injected-not-activated。,F0 / F3 / F5,"Prefetch-Stride 预取探针（正/负/交错 stride、pointer chase、跨页 stride、训练后变步长）
STREAM+PointerChase（Copy、Scale、Add、Triad 与随机指针链）",稳定stride训练后,L0 训练项/请求是否消费；L1 PC/stride/confidence/queue；L2预取地址、issued/useful/late/useless；L3填充way、驱逐对象、需求合并；L4架构结果；L5结局与性能偏差；预取数量、带宽、污染率、IPC、最终输出,预期仅性能/能耗/带宽变化，SDC应为0；作为方法学负对照,若此行出现SDC，优先检查注入器是否污染fill数据/元数据,负对照
54,P03,数据预取器,预取器计算出的 target address，即将提交给 cache 层的预取目标。它不是需求 load 的 EA；取错合法地址应只带来无用预取或错误驱逐，因此是检验“预取错误不改结果”的重要负对照。,换值,替换为同页/跨页的另一合法对齐地址；分别测试允许与禁止跨页。实施细则：不生成任意随机位串，而是从当前运行中选择另一个满足对齐、范围、编码和生命周期约束的合法值；保存 source/target 及候选集合。每次运行只替换一个字段或一个选择结果，非法候选、空闲项和已经释放的事务不得使用。激活口径：仅当“产生预取请求”且故障值被下游实际读取、选择或消费时计为 activated；否则归入 Injected-not-activated。,F0 / F2 / F6,"Prefetch-Stride 预取探针（正/负/交错 stride、pointer chase、跨页 stride、训练后变步长）
GAP/Graph500 子集（BFS、SSSP、PageRank，固定图与结果哈希）",产生预取请求,L0 训练项/请求是否消费；L1 PC/stride/confidence/queue；L2预取地址、issued/useful/late/useless；L3填充way、驱逐对象、需求合并；L4架构结果；L5结局与性能偏差；请求地址、页边界、是否被用、受害驱逐line,仅取错地址本应不改架构结果，但会改变驱逐；若最终SDC说明fill/一致性路径有缺陷,把“预测错误”与“填充控制错误”明确分开,TC'23排除理由的直接检验
55,P04,数据预取器,Prefetch request queue 的 entry、valid 与 head/tail 指针。队列保存尚未发出的预取地址和来源 PC；状态错可能重复、丢失或发出陈旧请求，并影响其 transaction ID。,状态,valid丢失/伪造、指针±1、选择另一个合法队列项。实施细则：一次运行只改变一个状态位或一种状态转换；清零、伪造、提前置位和延后清除分别统计，不在同一样本叠加。注入前后记录状态机轨迹与关联 instruction/transaction，检查是否破坏占用、唯一性或顺序不变量。激活口径：仅当“queue非空”且故障值被下游实际读取、选择或消费时计为 activated；否则归入 Injected-not-activated。,F0 / F4 / F5,"BEEBS-DelayAVF 论文负载（md5、libbubblesort、libstrstr、matmult、libfibcall）
Prefetch-Stride 预取探针（正/负/交错 stride、pointer chase、跨页 stride、训练后变步长）",queue非空,L0 训练项/请求是否消费；L1 PC/stride/confidence/queue；L2预取地址、issued/useful/late/useless；L3填充way、驱逐对象、需求合并；L4架构结果；L5结局与性能偏差；队列守恒、request ID、重复/丢失、stale age,通常丢预取或重复预取；错误项若带陈旧transaction可能污染fill配对,MICRO'24指出prefetcher内部buffer对粒子/时延均脆弱,MICRO'24直接研究Ibex prefetch buffer，但非gem5 OoO
56,P05,数据预取器,预取请求的 issue/cancel/complete 事件以及与需求 miss 合并的握手。需求访问到来时，已有预取可能被提升、合并或取消；事件错配可能让需求消费者等待错误事务。,时序,丢失、重复、延后一条预取；需求到来时取消事件丢失。实施细则：绑定一条明确的 dynamic instruction 或 transaction ID，只改变一次事件的发生周期或次数；提前、延后、丢失和重复必须分成独立子模型。数据载荷保持正确，以便把结果归因于握手/完成时序而不是数据翻转。激活口径：仅当“预取与需求竞争”且故障值被下游实际读取、选择或消费时计为 activated；否则归入 Injected-not-activated。,F0 / F4 / F6,"Prefetch-Stride 预取探针（正/负/交错 stride、pointer chase、跨页 stride、训练后变步长）
STREAM+PointerChase（Copy、Scale、Add、Triad 与随机指针链）",预取与需求竞争,L0 训练项/请求是否消费；L1 PC/stride/confidence/queue；L2预取地址、issued/useful/late/useless；L3填充way、驱逐对象、需求合并；L4架构结果；L5结局与性能偏差；demand/prefetch MSHR merge、transaction ID、返回消费者,通常性能；错取消/错合并可能造成需求拿到错误事务的数据，是重点异常路径,覆盖需求-预取竞争的事件配对,本方案结构化模型
57,P06,数据预取器,Cache 请求中的 demand/prefetch 分类位和 fill 权限属性。分类影响优先级、替换与统计，ownership/dirty/allocate 决定填充后 line 的一致性权限；后者错误才可能从性能问题升级为正确性问题。,换值,把prefetch标成demand或反向；错误赋予dirty/ownership/allocate权限。实施细则：不生成任意随机位串，而是从当前运行中选择另一个满足对齐、范围、编码和生命周期约束的合法值；保存 source/target 及候选集合。每次运行只替换一个字段或一个选择结果，非法候选、空闲项和已经释放的事务不得使用。激活口径：仅当“prefetch fill”且故障值被下游实际读取、选择或消费时计为 activated；否则归入 Injected-not-activated。,F0 / F2 / F6,"Cache-DirtyEvict 缓存探针（0.5×/1×/2×L1D working set、conflict set、dirty eviction、writeback）
Prefetch-Stride 预取探针（正/负/交错 stride、pointer chase、跨页 stride、训练后变步长）",prefetch fill,L0 训练项/请求是否消费；L1 PC/stride/confidence/queue；L2预取地址、issued/useful/late/useless；L3填充way、驱逐对象、需求合并；L4架构结果；L5结局与性能偏差；请求属性、coherence权限、dirty来源、writeback,分类错可能改变替换优先级；若伪造dirty/ownership则可能错误写回或一致性SDC,这是预取器区别于分支预测器的架构风险路径,本方案检验现有研究空白
58,P07,数据预取器,预取响应进入 cache 时的 fill tag、目标 way、valid 与 data 写入配对。正确实现必须把同一 transaction 的 tag/data 写入同一 way；错位会形成 tag-data 不一致并被后续需求访问命中。,错位拼接,预取返回时把data写入way A、tag写入way B，或沿用旧tag/valid；不修改需求fill。实施细则：保持各输入片段本身不变，只修改片段来源、顺序、移位量或拼接选择，使结果仍是完整位串；交换、循环移位、清零和读旧值必须作为独立子模型统计。每次运行只启用一种拼接规则，记录每个输出字节/子字段的真实来源。激活口径：仅当“prefetch response fill”且故障值被下游实际读取、选择或消费时计为 activated；否则归入 Injected-not-activated。,F0 / F2 / F6,"Cache-DirtyEvict 缓存探针（0.5×/1×/2×L1D working set、conflict set、dirty eviction、writeback）
Prefetch-Stride 预取探针（正/负/交错 stride、pointer chase、跨页 stride、训练后变步长）",prefetch response fill,L0 训练项/请求是否消费；L1 PC/stride/confidence/queue；L2预取地址、issued/useful/late/useless；L3填充way、驱逐对象、需求合并；L4架构结果；L5结局与性能偏差；tag/data写入way、fill ID、后续false hit、受害line,直接造成tag-data错配，预期可高SDC；这不是普通“取错地址”,验证预取填充控制是否形成独立正确性风险,无直接文献
59,P08,数据预取器,预取训练表的 stride 状态、失效/老化状态及可选 parity 保护。表项长期不失效或 stride bit 卡死会反复生成同类错误预取；若实现保护，还需观察校验上报是否被抑制。,卡死/保护,stride bit卡死、表项永不失效；若有parity则翻校验位或抑制上报。实施细则：在 warm-up 后固定一个物理 bit、lane 或控制位置，并独立执行 stuck-at-0 与 stuck-at-1 两个 campaign；之后每次读出/写入都施加同一掩码直到运行结束。若某次事件的正确值本来就等于卡死值，该次不增加 activated。激活口径：仅当“首个训练项后持续”且故障值被下游实际读取、选择或消费时计为 activated；否则归入 Injected-not-activated。,F5,"Prefetch-Stride 预取探针（正/负/交错 stride、pointer chase、跨页 stride、训练后变步长）
STREAM+PointerChase（Copy、Scale、Add、Triad 与随机指针链）",首个训练项后持续,L0 训练项/请求是否消费；L1 PC/stride/confidence/queue；L2预取地址、issued/useful/late/useless；L3填充way、驱逐对象、需求合并；L4架构结果；L5结局与性能偏差；表项寿命、错误请求率、fill元数据完整性、输出,纯训练卡死预期仅性能；保护失效并污染fill元数据时才可能SDC,永久预测错误是强负对照，同时预留保护路径,MICRO'24说明prefetch结构可脆弱，但未给SDC/Crash分类
60,T10,L1d-TLB,L1 d-TLB 有效表项的 PPN（Physical Page Number）数据字段。VPN/ASID 命中后，PPN 与页内偏移组成送往 L1D 的物理地址；该字段是 TC'23 类实验中最需要保留的基础对照。,单比特翻转,随机选择一个后续会再次命中的有效表项，在 PPN 内均匀翻转 1 bit；按低/中/高物理地址位分层，VPN、ASID、权限和页大小保持不变。仅当该表项之后被命中且故障 PPN 被用于形成物理地址时计为 activated；保存 entry、bit、原值、故障值和首次消费事务。,F0 / F1 / F2,"MiBench-TC23 论文负载（blowfish、patricia、fft、gsm、dijkstra、rijndael、sha、bitcount、edge、smooth）
TLB-AliasPerm 地址翻译探针（4KiB/2MiB 页、ASID、同VA不同PA、权限、TLBI、跨页访问）
SPEC CPU2017 采样区间",DTLB 中存在有效项且后续再次命中,L0 attempted/activated；L1 PPN 原值/故障值与命中项；L2 翻译后PA、权限与页大小；L3 cache line/DRAM落点；L4首次错误load/store；L5结局；按bit区间统计,高位翻转更可能触发地址异常或Crash；落入另一已映射物理页时可能产生SDC；与VPN-tag单比特结果不应混算,补回旧版具备而新版缺失的字段级单比特基线，使PPN双比特、卡死和合法换值均有可比较的F0对照,TC'22/TC'23 对 DTLB 瞬态注入提供直接机制与结果对照
61,S13,Store Queue,Store Queue 有效未提交表项的 store address/tag 字段。该字段决定最终写入地址，同时参与 store-to-load forwarding 和内存依赖冲突检查。,单比特翻转,在有效且未提交的 SQ 表项 address/tag 中翻转 1 bit，store data、byte-enable 和生命周期状态保持不变。只有当故障地址参与 forwarding 比较、冲突检查或最终 cache 写请求时计为 activated；记录是否被 violation/replay 或提交前检查捕获。,F0 / F1 / F2,"MiBench-TC23 论文负载（blowfish、patricia、fft、gsm、dijkstra、rijndael、sha、bitcount、edge、smooth）
SQ-Forward 转发探针（同地址/部分重叠 store-to-load forwarding、字节掩码、alias、replay）
SPEC CPU2017 采样区间
SQLite-Speedtest1 真实应用（B树、事务与完整性检查）",SQ 中存在地址已知、尚未提交且之后会被消费的 store,L0目标寿命与activated；L1 SQ地址、age和状态；L2 forwarding/violation/replay、请求地址；L3实际写入line；L4 commit与内存副作用；L5结局,大多数随机地址错误应被依赖检查、异常或回放捕获；少数形成合法错址时可能SDC，预期低于合法地址换值模型,恢复保护机制基线，才能判断S04合法地址替换是否真正绕过了地址/tag通路的检查,TC'23 对 LQ/SQ 地址类字段的低SDC结果可作直接对照；IISWC'15/HPCA'24提供LSQ背景
62,L01,Load Queue,Load Queue 有效表项的 load address/tag 字段。该字段保存已发射或等待完成的 load 地址，并用于与更老 store 做冲突检测和内存序违规检查。,单比特翻转,在有效 LQ 表项的地址/tag 中翻转 1 bit，目标 load 的目的寄存器、访问大小和其他状态不变。仅当故障字段之后参与 store 冲突比较、cache 请求或 violation 检查时计为 activated。,F0 / F1 / F2,"MiBench-TC23 论文负载（blowfish、patricia、fft、gsm、dijkstra、rijndael、sha、bitcount、edge、smooth）
SQ-Forward 转发探针（同地址/部分重叠 store-to-load forwarding、字节掩码、alias、replay）
SQLite-Speedtest1 真实应用（B树、事务与完整性检查）",LQ 中存在尚未退休且地址已知的有效 load,L0目标寿命；L1 LQ地址/age/issued状态；L2 cache请求、store冲突、violation/replay；L3返回line；L4目的寄存器与commit；L5结局,多数故障导致miss、replay或异常；若错误地址仍合法且违规检测未触发，可能把错误load值提交为SDC,补齐旧版已有而新版完全删除的Load Queue基本存储字段覆盖,TC'23、HPCA'24 对 LQ 直接注入；指标口径需与SQ分开
63,L02,Load Queue,Load Queue 表项的 valid、issued、completed、squashed 等生命周期状态。它们决定请求能否发出、返回值能否写回以及错误路径表项是否被清除。,状态,一次只改变一种状态转换：valid伪造/丢失、issued提前/丢失、completed提前、squashed未清除；不同时修改地址或数据。记录关联 dynamic instruction 和完整状态轨迹。只有故障状态被调度、完成或提交逻辑消费时计为 activated。,F0 / F2 / F6,"SQ-Forward 转发探针（同地址/部分重叠 store-to-load forwarding、字节掩码、alias、replay）
SQLite-Speedtest1 真实应用（B树、事务与完整性检查）",LQ 表项发生分配、发射、完成或清除状态转换,L1状态轨迹与占用守恒；L2 issued/dropped/duplicate request；L3返回事务；L4写回、提交和错误路径副作用；L5结局,completed提前或squashed未清除可能提交陈旧值；valid/issued丢失更常表现为重放、停顿或Timeout,地址字段不足以代表LQ风险，生命周期错误可绕开单纯的数据完整性检查,现有LQ文献多集中存储字段，本行为机制扩展
64,L03,Load Queue,Load Queue 的内存序违规检测与 replay 元数据，包括更老 store 的地址比较结果、violation 标记、replay 原因和重放选择。,换值/时序,当年轻 load 已执行而更老 store 地址稍后解析时，制造 false negative violation、丢失一次 replay，或把 replay 目标替换为另一条有效 load。三种子模型独立执行；数据本身不翻转。仅当存在真实或潜在地址冲突时计为 eligible。,F0 / F4 / F6,"SQ-Forward 转发探针（同地址/部分重叠 store-to-load forwarding、字节掩码、alias、replay）
SQLite-Speedtest1 真实应用（B树、事务与完整性检查）",年轻load先执行且更老store地址在后续周期解析,L1比较向量与replay队列；L2 violation、replay、load数据来源；L3最终内存可见序；L4提交值；L5结局,false negative或replay丢失可能让陈旧load值静默提交；false positive主要造成性能下降,把内存依赖预测错误与最终正确性兜底机制分开，覆盖真正可能把预测错误升级为SDC的路径,与TC'23所述提交前依赖检查保护机制直接相关；具体逻辑故障缺少现有实测
65,L04,Load Queue,cache 返回到 LSU/LQ 的 load response transaction ID、目标动态指令和目的寄存器路由。多个在途 load 返回时必须与原请求一一配对。,换值,在至少两个在途 load 时，把返回响应的 transaction ID 或目标动态指令替换为另一当前有效 load 的 ID；返回 data 保持原值。每次只错配一个响应，保存 source/target ID。只有错误响应被写回或参与提交时计为 activated。,F0 / F2 / F6,"SQ-Forward 转发探针（同地址/部分重叠 store-to-load forwarding、字节掩码、alias、replay）
SPEC CPU2017 采样区间
SQLite-Speedtest1 真实应用（B树、事务与完整性检查）",同时存在至少两个在途load且发生cache response,L1 LQ目标与response ID；L2请求-响应配对；L3返回line；L4目的寄存器、首个错误commit及扇出；L5结局,两个响应数据各自合法但送错消费者，异常检测较弱，可能形成高SDC路径,补足LQ除地址/状态之外的返回配对风险，与MSHR target错配形成端到端对照,无直接字段级文献；与MSHR/ROB目标错配机制类比
66,C14,L1d-Cache,L1D MSHR 表项的 busy/occupied 状态和释放路径。请求完成后表项应准确释放；状态卡死会逐步耗尽可用 MSHR。,卡死,warm-up 后选择一个 MSHR 表项，使 busy/occupied stuck-at-1；对应 miss 正常完成，但表项不回到 free list。每次运行只固定一个表项，并记录实际可用容量、排队长度和是否形成死锁。,F5,"Cache-DirtyEvict 缓存探针（0.5×/1×/2×L1D working set、conflict set、dirty eviction、writeback）
STREAM+PointerChase（Copy、Scale、Add、Triad 与随机指针链）",目标MSHR首次完成并应释放后持续,L1 MSHR占用与free list；L2 miss发射/阻塞；L3fill完成；L4提交进度；L5性能、Timeout和结局,主要表现为容量退化和Timeout；若实现错误复用被占用表项，则可能升级为数据错配,恢复旧版已有的MSHR资源泄漏模型，与C11的数据/target错配分开归因,无直接文献；资源状态机制推理
67,C15,L1d-Cache,L1D MSHR occupancy counter、free-list 和容量仲裁逻辑。它决定是否允许新 miss 分配以及选择哪个空闲表项。,状态/换值,独立执行三种子模型：占用计数±1、在容量已满时伪造空位、free-list选择另一在用表项。仅在仲裁结果真正允许/阻止一次miss分配时计为 activated；不得与C11 target错配同时注入。,F0 / F4 / F6,"Cache-DirtyEvict 缓存探针（0.5×/1×/2×L1D working set、conflict set、dirty eviction、writeback）
STREAM+PointerChase（Copy、Scale、Add、Triad 与随机指针链）
SPEC CPU2017 采样区间",MSHR接近或达到容量上限时发生新miss分配,L1 occupancy/free-list守恒；L2分配、阻塞和覆盖对象；L3fill transaction ID；L4错误load值/停顿；L5结局,少计可能覆盖在用表项并造成响应错配或SDC；多计主要降低并发度并增加Timeout风险,补回旧版容量计数逻辑，并显式区分资源记账错误与MSHR内容错误,无直接文献；MSHR容量和并发miss机制推理
68,O09,原子与同步,LSE 原子 RMW 指令的 compare、replacement、addend、old-value 或 result 数据锁存器。该位置保存原子操作真实参与计算或返回软件的数据。,单比特翻转,在一次 CAS/SWP/LDADD 等原子操作中，只对一个操作数或结果锁存器翻转 1 bit；地址、操作码、成功状态和事务时序不变。compare/replacement/addend/old-value 分开统计。仅当故障值参与比较、写内存或返回软件时计为 activated。,F0 / F1 / F2,"Atomic-Litmus 并发探针（MP、SB、LB、IRIW、Dekker、ticket lock、CAS counter、LDXR/STXR）
PARSEC-Selected 多线程应用（共享队列、锁与任务并行）",CAS/SWP/LDADD 等原子操作进入执行或返回阶段,L1正确/故障操作数；L2原子请求和成功判定；L3内存更新与全局可见序；L4返回寄存器、共享变量和锁状态；L5结局,可能造成错误比较、错误更新或错误返回，通常不触发地址异常；在复杂同步负载中可表现为lost update、死锁或SDC,恢复旧版最基本的原子数据瞬态基线，使O04结构化MUX错选有可比较对象,本地论文缺少原子单元直接结果；属于必要基础故障模型
69,P09,数据预取器,由预取请求触发的 cache victim 选择、dirty victim writeback 请求及完成握手。该路径与需求miss共享底层写回资源，但触发来源明确标记为prefetch。,时序/状态,仅在预取分配导致 dirty line 驱逐时，独立执行：丢失writeback request、提前报告writeback done、或把dirty状态错误清除。victim tag/data 保持不变；记录prefetch transaction和victim line。,F0 / F4 / F6,"Cache-DirtyEvict 缓存探针（0.5×/1×/2×L1D working set、conflict set、dirty eviction、writeback）
Prefetch-Stride 预取探针（正/负/交错 stride、pointer chase、跨页 stride、训练后变步长）
PARSEC-Selected 多线程应用（共享队列、锁与任务并行）",prefetch分配cache line并驱逐dirty victim,L1预取来源与victim选择；L2prefetch/demand分类和request ID；L3dirty、writeback地址/数据及后续重读；L4共享变量/输出；L5结局,跳过脏行写回会静默丢失最新数据；与普通预取地址错误不同，预期可产生非零SDC,恢复旧版对预取触发脏驱逐的独立问题定义，用事件标签检验预取激进度是否放大正确性风险,无直接预取器文献；与L1D dirty/writeback故障共享机制但触发来源不同
